Date,Open,High,Low,Close,Adj Close,Volume,D_Change,P_Change,S_State ,E_State
11/18/2015,2.325,2.35,2.325,2.35,2.267818,1400,-0.025,-1.075268817,1,
11/19/2015,2.45,2.475,2.45,2.45,2.364321,28300,0,0,,
11/20/2015,2.625,2.65,2.55,2.55,2.460824,15900,0.075,2.857142857,,
11/23/2015,2.55,2.55,2.55,2.55,2.460824,800,0,0,,
11/24/2015,2.925,2.975,2.9,2.95,2.846836,6400,-0.025,-0.854700855,,
11/25/2015,3.05,3.05,2.95,2.975,2.870961,15000,0.075,2.459016393,,
11/27/2015,2.725,2.725,2.725,2.725,2.629704,400,0,0,,
11/30/2015,2.5,2.5,2.475,2.475,2.388447,3600,0.025,1,,
12/1/2015,2.425,2.5,2.425,2.475,2.388447,1100,-0.05,-2.06185567,,
12/2/2015,2.5,2.5,2.5,2.5,2.412573,4200,0,0,,
12/3/2015,2.525,2.525,2.5,2.5,2.412573,700,0.025,0.99009901,,
12/4/2015,2.475,2.5,2.475,2.475,2.388447,400,0,0,,
12/7/2015,2.55,2.575,2.55,2.55,2.460824,1100,0,0,,
12/8/2015,2.475,2.5,2.45,2.45,2.364321,10200,0.025,1.01010101,,
12/9/2015,2.475,2.525,2.475,2.525,2.436699,35000,-0.05,-2.02020202,,
12/10/2015,2.425,2.425,2.425,2.425,2.340195,2800,0,0,,
12/11/2015,2.475,2.475,2.475,2.475,2.388447,21400,0,0,,
12/14/2015,2.475,2.55,2.475,2.55,2.460824,7600,-0.075,-3.03030303,,
12/15/2015,2.475,2.475,2.475,2.475,2.388447,9400,0,0,,
12/16/2015,2.5,2.5,2.425,2.425,2.340195,5700,0.075,3,,
12/17/2015,2.375,2.425,2.375,2.425,2.340195,2300,-0.05,-2.105263158,,
12/18/2015,2.375,2.425,2.375,2.425,2.340195,2000,-0.05,-2.105263158,,
12/21/2015,2.425,2.425,2.425,2.425,2.340195,0,0,0,,
12/22/2015,2.325,2.325,2.3,2.325,2.243693,4500,0,0,,
12/23/2015,2.3,2.325,2.3,2.3,2.219567,9500,0,0,,
12/24/2015,2.3,2.3,2.3,2.3,2.219567,100,0,0,,
12/28/2015,2.45,2.475,2.325,2.325,2.243693,8200,0.125,5.102040816,,
12/29/2015,2.425,2.475,2.375,2.375,2.291944,3900,0.05,2.06185567,,
12/30/2015,2.45,2.5,2.45,2.5,2.412573,11200,-0.05,-2.040816327,,
12/31/2015,2.475,2.5,2.475,2.5,2.412573,2400,-0.025,-1.01010101,,
1/4/2016,2.5,2.5,2.5,2.5,2.412573,0,0,0,,
1/5/2016,2.45,2.45,2.45,2.45,2.364321,5300,0,0,,
1/6/2016,2.45,2.5,2.425,2.425,2.340195,1600,0.025,1.020408163,,
1/7/2016,2.35,2.45,2.35,2.375,2.291944,10400,-0.025,-1.063829787,,
1/8/2016,2.35,2.35,2.35,2.35,2.267818,4400,0,0,,
1/11/2016,2.4,2.4,2.375,2.4,2.31607,3400,0,0,,
1/12/2016,2.375,2.425,2.375,2.425,2.340195,6800,-0.05,-2.105263158,,
1/13/2016,2.35,2.35,2.325,2.325,2.243693,18000,0.025,1.063829787,,
1/14/2016,2.325,2.325,2.25,2.325,2.243693,5800,0,0,,
1/15/2016,2.55,2.55,2.5,2.5,2.412573,17600,0.05,1.960784314,,
1/19/2016,2.55,2.55,2.55,2.55,2.460824,500,0,0,,
1/20/2016,2.5,2.5,2.5,2.5,2.412573,0,0,0,,
1/21/2016,2.775,2.925,2.65,2.825,2.726207,35100,-0.05,-1.801801802,,
1/22/2016,2.775,2.775,2.675,2.7,2.605578,25300,0.075,2.702702703,,
1/25/2016,2.575,2.65,2.575,2.625,2.533201,7800,-0.05,-1.941747573,,
1/26/2016,2.675,2.725,2.675,2.725,2.629704,900,-0.05,-1.869158879,,
1/27/2016,2.825,2.825,2.7,2.8,2.702081,2700,0.025,0.884955752,,
1/28/2016,2.8,2.8,2.8,2.8,2.702081,0,0,0,,
1/29/2016,2.825,3.175,2.825,3.125,3.015716,67400,-0.3,-10.61946903,,
2/1/2016,2.95,2.95,2.875,2.9,2.798584,16800,0.05,1.694915254,,
2/2/2016,2.925,2.925,2.8,2.825,2.726207,2600,0.1,3.418803419,,
2/3/2016,2.9,2.9,2.725,2.725,2.629704,3900,0.175,6.034482759,,
2/4/2016,3.325,3.35,3.125,3.175,3.063967,19900,0.15,4.511278195,,
2/5/2016,3.55,3.775,3.55,3.775,3.642985,42400,-0.225,-6.338028169,,
2/8/2016,3.675,3.75,3.6,3.675,3.546482,10200,0,0,,
2/9/2016,3.55,3.55,3.4,3.45,3.32935,19000,0.1,2.816901408,,
2/10/2016,3.45,3.45,3.325,3.325,3.208722,3700,0.125,3.623188406,,
2/11/2016,3.35,3.375,3.275,3.275,3.16047,4900,0.075,2.23880597,,
2/12/2016,3.175,3.175,3.05,3.1,2.99159,21000,0.075,2.362204724,,
2/16/2016,3.15,3.175,3.15,3.15,3.039842,11000,0,0,,
2/17/2016,3.375,3.425,3.375,3.425,3.305225,5000,-0.05,-1.481481481,,
2/18/2016,3.725,3.725,3.525,3.65,3.522356,46700,0.075,2.013422819,,
2/19/2016,3.7,3.7,3.525,3.625,3.49823,8300,0.075,2.027027027,,
2/22/2016,3.725,3.9,3.725,3.9,3.763613,32200,-0.175,-4.697986577,,
2/23/2016,3.85,3.95,3.85,3.95,3.811865,37000,-0.1,-2.597402597,,
2/24/2016,3.875,3.9,3.775,3.9,3.763613,8400,-0.025,-0.64516129,,
2/25/2016,3.15,3.2,2.6,3.075,2.967464,63400,0.075,2.380952381,,
2/26/2016,2.975,3.225,2.85,3.15,3.039842,45700,-0.175,-5.882352941,,
2/29/2016,2.9,2.925,2.875,2.925,2.82271,20700,-0.025,-0.862068966,,
3/1/2016,2.875,2.9,2.7,2.9,2.798584,12600,-0.025,-0.869565217,,
3/2/2016,2.9,2.9,2.75,2.875,2.774458,23000,0.025,0.862068966,,
3/3/2016,2.975,3.05,2.95,3,2.895087,32700,-0.025,-0.840336134,,
3/4/2016,3.225,3.75,3.225,3.65,3.522356,72300,-0.425,-13.17829457,,
3/7/2016,3.575,3.7,3.525,3.65,3.522356,52300,-0.075,-2.097902098,,
3/8/2016,3.375,3.6,3.375,3.55,3.425853,20500,-0.175,-5.185185185,,
3/9/2016,3.5,3.575,3.45,3.5,3.377602,11200,0,0,,
3/10/2016,3.4,3.475,3.325,3.375,3.256973,16400,0.025,0.735294118,,
3/11/2016,3.425,3.5,3.4,3.5,3.377602,13500,-0.075,-2.189781022,,
3/14/2016,3.45,3.45,3.25,3.425,3.305225,4300,0.025,0.724637681,,
3/15/2016,3.225,3.225,3.075,3.125,3.015716,33200,0.1,3.100775194,,
3/16/2016,3,3.025,2.95,3,2.895087,26800,0,0,,
3/17/2016,3.025,3.075,3.025,3.075,2.967464,4400,-0.05,-1.652892562,,
3/18/2016,3.075,3.1,3.05,3.1,2.99159,15900,-0.025,-0.81300813,,
3/21/2016,3.05,3.075,2.825,2.875,2.774458,66800,0.175,5.737704918,,
3/22/2016,2.85,2.875,2.825,2.85,2.750333,14300,0,0,,
3/23/2016,2.8,2.85,2.8,2.85,2.750333,6600,-0.05,-1.785714286,,
3/24/2016,2.85,2.875,2.85,2.875,2.774458,2200,-0.025,-0.877192982,,
3/28/2016,2.875,3.075,2.875,2.975,2.870961,26800,-0.1,-3.47826087,,
3/29/2016,2.95,2.95,2.775,2.95,2.846836,42900,0,0,,
3/30/2016,3.275,3.475,3.125,3.225,3.112219,193200,0.05,1.526717557,,
3/31/2016,2.9,2.9,2.85,2.875,2.774458,39800,0.025,0.862068966,,
4/1/2016,2.65,2.85,2.625,2.825,2.726207,48600,-0.175,-6.603773585,,
4/4/2016,2.875,2.95,2.875,2.925,2.82271,101600,-0.05,-1.739130435,,
4/5/2016,2.875,2.95,2.825,2.825,2.726207,14100,0.05,1.739130435,,
4/6/2016,2.9,2.9,2.775,2.825,2.726207,7800,0.075,2.586206897,,
4/7/2016,2.825,2.85,2.8,2.85,2.750333,42400,-0.025,-0.884955752,,
4/8/2016,2.9,2.975,2.8,2.825,2.726207,8800,0.075,2.586206897,,
4/11/2016,2.875,3,2.875,2.95,2.846836,40800,-0.075,-2.608695652,,
4/12/2016,3,3,2.925,2.925,2.82271,5400,0.075,2.5,,
4/13/2016,3,3.075,3,3,2.895087,8300,0,0,,
4/14/2016,3.15,3.15,3.025,3.05,2.943338,5100,0.1,3.174603175,,
4/15/2016,3.125,3.125,3,3.025,2.919213,21400,0.1,3.2,,
4/18/2016,3.125,3.125,3,3.075,2.967464,8300,0.05,1.6,,
4/19/2016,3.075,3.125,3,3.025,2.919213,9700,0.05,1.62601626,,
4/20/2016,3.025,3.075,3.025,3.025,2.919213,8500,0,0,,
4/21/2016,3.05,3.05,3,3.025,2.919213,8800,0.025,0.819672131,,
4/22/2016,3.15,3.175,3.1,3.15,3.039842,25300,0,0,,
4/25/2016,3.25,3.425,3.25,3.4,3.281099,37100,-0.15,-4.615384615,,
4/26/2016,3.4,3.425,3.4,3.4,3.281099,10800,0,0,,
4/27/2016,3.45,3.55,3.425,3.55,3.425853,11800,-0.1,-2.898550725,,
4/28/2016,3.35,3.425,3.35,3.425,3.305225,27100,-0.075,-2.23880597,,
4/29/2016,3.35,3.35,3.3,3.35,3.232847,11400,0,0,,
5/2/2016,3.35,3.35,3.275,3.275,3.16047,11200,0.075,2.23880597,,
5/3/2016,3.25,3.275,3.175,3.175,3.063967,15000,0.075,2.307692308,,
5/4/2016,3.275,3.275,3.175,3.175,3.063967,13400,0.1,3.053435115,,
5/5/2016,3.15,3.275,3.125,3.25,3.136344,3500,-0.1,-3.174603175,,
5/6/2016,3.025,3.025,2.95,2.95,2.846836,38200,0.075,2.479338843,,
5/9/2016,2.975,3.1,2.95,3.075,2.967464,4600,-0.1,-3.361344538,,
5/10/2016,3.2,3.2,3.05,3.05,2.943338,2800,0.15,4.6875,,
5/11/2016,3,3.025,2.95,2.95,2.846836,9600,0.05,1.666666667,,
5/12/2016,2.925,2.95,2.8,2.8,2.702081,44400,0.125,4.273504274,,
5/13/2016,3.1,3.1,2.975,2.975,2.870961,12500,0.125,4.032258065,,
5/16/2016,3,3.05,2.95,2.95,2.846836,11200,0.05,1.666666667,,
5/17/2016,3,3.05,3,3.025,2.919213,7000,-0.025,-0.833333333,,
5/18/2016,3.075,3.1,3.075,3.075,2.967464,3900,0,0,,
5/19/2016,3.125,3.125,3.025,3.025,2.919213,11200,0.1,3.2,,
5/20/2016,3.2,3.2,3,3.1,2.99159,7800,0.1,3.125,,
5/23/2016,3.1,3.1,3.1,3.1,2.99159,0,0,0,,
5/24/2016,2.975,3.05,2.975,3.05,2.943338,7700,-0.075,-2.521008403,,
5/25/2016,3.05,3.075,3.05,3.05,2.943338,11300,0,0,,
5/26/2016,3.15,3.25,3.075,3.175,3.063967,8000,-0.025,-0.793650794,,
5/27/2016,3.4,3.4,3.175,3.3,3.184596,88200,0.1,2.941176471,,
5/31/2016,3.325,3.35,3.3,3.3,3.184596,20400,0.025,0.751879699,,
6/1/2016,3.175,3.3,3.175,3.225,3.112219,700,-0.05,-1.57480315,,
6/2/2016,3.25,3.25,3.125,3.15,3.039842,20800,0.1,3.076923077,,
6/3/2016,3.2,3.2,3.125,3.125,3.015716,1000,0.075,2.34375,,
6/6/2016,3.125,3.25,3.1,3.15,3.039842,900,-0.025,-0.8,,
6/7/2016,3.1,3.1,3.1,3.1,2.99159,2400,0,0,,
6/8/2016,3.175,3.225,3.175,3.175,3.063967,13200,0,0,,
6/9/2016,3.175,3.175,3.175,3.175,3.063967,0,0,0,,
6/10/2016,3.125,3.15,3.075,3.075,2.967464,800,0.05,1.6,,
6/13/2016,3.075,3.075,3.075,3.075,2.967464,0,0,0,,
6/14/2016,3.075,3.075,3,3,2.895087,20400,0.075,2.43902439,,
6/15/2016,3,3,3,3,2.895087,0,0,0,,
6/16/2016,3,3,2.85,2.95,2.846836,15900,0.05,1.666666667,,
6/17/2016,2.925,2.925,2.875,2.925,2.82271,19100,0,0,,
6/20/2016,2.925,2.95,2.925,2.95,2.846836,1300,-0.025,-0.854700855,,
6/21/2016,3,3.025,2.925,2.95,2.846836,6300,0.05,1.666666667,,
6/22/2016,2.975,3,2.975,3,2.895087,200,-0.025,-0.840336134,,
6/23/2016,3.075,3.075,2.9,2.95,2.846836,70200,0.125,4.06504065,,
6/24/2016,2.75,2.775,2.65,2.725,2.629704,53800,0.025,0.909090909,,
6/27/2016,2.5,2.5,2.3,2.375,2.291944,60100,0.125,5,,
6/28/2016,2.525,2.525,2.5,2.5,2.412573,70100,0.025,0.99009901,,
6/29/2016,2.525,2.6,2.525,2.575,2.48495,6800,-0.05,-1.98019802,,
6/30/2016,2.7,2.7,2.625,2.625,2.533201,7100,0.075,2.777777778,,
7/1/2016,2.65,2.675,2.575,2.625,2.533201,3000,0.025,0.943396226,,
7/5/2016,2.475,2.475,2.425,2.425,2.340195,29600,0.05,2.02020202,,
7/6/2016,2.5,2.5,2.45,2.5,2.412573,3800,0,0,,
7/7/2016,2.475,2.525,2.475,2.5,2.412573,1800,-0.025,-1.01010101,,
7/8/2016,2.575,2.575,2.575,2.575,2.48495,600,0,0,,
7/11/2016,2.5,2.625,2.5,2.625,2.533201,9600,-0.125,-5,,
7/12/2016,2.65,2.65,2.6,2.6,2.509075,14800,0.05,1.886792453,,
7/13/2016,2.525,2.525,2.425,2.475,2.388447,25100,0.05,1.98019802,,
7/14/2016,2.5,2.55,2.5,2.55,2.460824,1400,-0.05,-2,,
7/15/2016,2.575,2.575,2.55,2.55,2.460824,6700,0.025,0.970873786,,
7/18/2016,2.5,2.575,2.5,2.575,2.48495,3200,-0.075,-3,,
7/19/2016,2.525,2.525,2.475,2.5,2.412573,31300,0.025,0.99009901,,
7/20/2016,2.475,2.475,2.425,2.425,2.340195,5700,0.05,2.02020202,,
7/21/2016,2.425,2.425,2.4,2.4,2.31607,3800,0.025,1.030927835,,
7/22/2016,2.4,2.4,2.375,2.375,2.291944,19600,0.025,1.041666667,,
7/25/2016,2.325,2.325,2.275,2.325,2.243693,12900,0,0,,
7/26/2016,2.275,2.3,2.275,2.3,2.219567,10500,-0.025,-1.098901099,,
7/27/2016,2.3,2.3,2.225,2.3,2.219567,65100,0,0,,
7/28/2016,2.275,2.275,2.25,2.25,2.171315,7900,0.025,1.098901099,,
7/29/2016,2.225,2.275,2.225,2.275,2.195441,72400,-0.05,-2.247191011,,
8/1/2016,2.175,2.2,2.15,2.175,2.098938,37600,0,0,,
8/2/2016,2.2,2.25,2.175,2.175,2.098938,35200,0.025,1.136363636,,
8/3/2016,2.2,2.2,2.2,2.2,2.123064,5500,0,0,,
8/4/2016,2.25,2.25,2.225,2.225,2.14719,16400,0.025,1.111111111,,
8/5/2016,2.3,2.3,2.275,2.3,2.219567,4600,0,0,,
8/8/2016,2.15,2.225,2.15,2.2,2.123064,24200,-0.05,-2.325581395,,
8/9/2016,2.175,2.2,2.175,2.175,2.098938,13500,0,0,,
8/10/2016,2.15,2.225,2.15,2.2,2.123064,4600,-0.05,-2.325581395,,
8/11/2016,2.225,2.875,2.225,2.775,2.677956,59700,-0.55,-24.71910112,,
8/12/2016,2.6,2.75,2.575,2.75,2.65383,47000,-0.15,-5.769230769,,
8/15/2016,2.825,3.025,2.825,2.95,2.846836,97000,-0.125,-4.424778761,,
8/16/2016,3,3.175,2.975,3.1,2.99159,855500,-0.1,-3.333333333,,
8/17/2016,3.375,3.5,3.275,3.425,3.305225,565300,-0.05,-1.481481481,,
8/18/2016,3.275,3.375,3.275,3.325,3.208722,85900,-0.05,-1.526717557,,
8/19/2016,3.325,3.35,3.2,3.275,3.16047,106200,0.05,1.503759398,,
8/22/2016,3.325,3.35,3.3,3.35,3.232847,84700,-0.025,-0.751879699,,
8/23/2016,3.275,3.3,3.225,3.225,3.112219,44800,0.05,1.526717557,,
8/24/2016,3.1,3.25,3.1,3.225,3.112219,19800,-0.125,-4.032258065,,
8/25/2016,3.275,3.275,3.225,3.25,3.136344,26800,0.025,0.763358779,,
8/26/2016,3.25,3.3,3.225,3.25,3.136344,5900,0,0,,
8/29/2016,3.2,3.2,3.175,3.175,3.063967,14700,0.025,0.78125,,
8/30/2016,3.2,3.25,3.2,3.25,3.136344,100300,-0.05,-1.5625,,
8/31/2016,3.3,3.45,3.275,3.375,3.256973,28600,-0.075,-2.272727273,,
9/1/2016,3.375,3.4,3.325,3.375,3.256973,13300,0,0,,
9/2/2016,3.375,3.4,3.3,3.35,3.232847,20400,0.025,0.740740741,,
9/6/2016,3.475,3.475,3.375,3.4,3.281099,24700,0.075,2.158273381,,
9/7/2016,3.4,3.45,3.275,3.325,3.208722,276300,0.075,2.205882353,,
9/8/2016,3.35,3.35,3.275,3.3,3.184596,42200,0.05,1.492537313,,
9/9/2016,3.25,3.325,3.25,3.325,3.208722,7200,-0.075,-2.307692308,,
9/12/2016,3.3,3.325,3.175,3.225,3.112219,62600,0.075,2.272727273,,
9/13/2016,3.2,3.2,3.125,3.125,3.015716,14800,0.075,2.34375,,
9/14/2016,3,3.15,2.95,3.125,3.015716,42300,-0.125,-4.166666667,,
9/15/2016,3.05,3.1,3.025,3.025,2.919213,35500,0.025,0.819672131,,
9/16/2016,2.975,3,2.9,2.95,2.846836,20200,0.025,0.840336134,,
9/19/2016,2.975,2.975,2.9,2.95,2.846836,34300,0.025,0.840336134,,
9/20/2016,3.075,3.075,3,3.075,2.967464,52400,0,0,,
9/21/2016,3.25,3.3,3.175,3.25,3.136344,42000,0,0,,
9/22/2016,3.25,3.3,3.25,3.3,3.184596,9600,-0.05,-1.538461538,,
9/23/2016,3.225,3.25,3.225,3.25,3.136344,11700,-0.025,-0.775193798,,
9/26/2016,3.175,3.2,3.175,3.2,3.088093,19000,-0.025,-0.787401575,,
9/27/2016,3.175,3.175,3.175,3.175,3.063967,2200,0,0,,
9/28/2016,3.225,3.225,3.175,3.175,3.063967,500,0.05,1.550387597,,
9/29/2016,3.15,3.2,3.125,3.175,3.063967,31300,-0.025,-0.793650794,,
9/30/2016,3.275,3.3,3.225,3.225,3.112219,12900,0.05,1.526717557,,
10/3/2016,3.3,3.3,3.275,3.275,3.16047,3300,0.025,0.757575758,,
10/4/2016,3.3,3.3,3.2,3.25,3.136344,11800,0.05,1.515151515,,
10/5/2016,3.25,3.3,3.25,3.3,3.184596,3700,-0.05,-1.538461538,,
10/6/2016,3.3,3.3,3.25,3.3,3.184596,6000,0,0,,
10/7/2016,3.3,3.3,3.25,3.3,3.184596,9200,0,0,,
10/10/2016,3.25,3.275,3.2,3.2,3.088093,48300,0.05,1.538461538,,
10/11/2016,3.25,3.275,3.2,3.225,3.112219,2000,0.025,0.769230769,,
10/12/2016,3.225,3.25,3.225,3.225,3.112219,7100,0,0,,
10/13/2016,3.25,3.3,3.25,3.275,3.16047,10800,-0.025,-0.769230769,,
10/14/2016,3.225,3.275,3.225,3.275,3.16047,7800,-0.05,-1.550387597,,
10/17/2016,3.3,3.3,3.3,3.3,3.184596,15600,0,0,,
10/18/2016,3.375,3.6,3.375,3.525,3.401728,100000,-0.15,-4.444444444,,
10/19/2016,3.75,3.85,3.7,3.85,3.715362,123000,-0.1,-2.666666667,,
10/20/2016,4,4.075,4,4.05,3.908368,115700,-0.05,-1.25,,
10/21/2016,4.025,4.075,4,4.075,3.932493,42000,-0.05,-1.242236025,,
10/24/2016,4.25,4.3,4.2,4.275,4.1255,182400,-0.025,-0.588235294,,
10/25/2016,4.025,4.15,4.025,4.075,3.932493,159500,-0.05,-1.242236025,,
10/26/2016,4.075,4.075,4,4.05,3.908368,27500,0.025,0.613496933,,
10/27/2016,4.05,4.075,4.05,4.075,3.932493,36800,-0.025,-0.617283951,,
10/28/2016,4.1,4.1,4,4.075,3.932493,9600,0.025,0.609756098,,
10/31/2016,4.25,4.325,4.225,4.3,4.149625,64300,-0.05,-1.176470588,,
11/1/2016,4.275,4.275,4.1,4.1,3.956619,69200,0.175,4.093567251,,
11/2/2016,4.1,4.1,4.025,4.05,3.908368,26000,0.05,1.219512195,,
11/3/2016,4.125,4.125,3.95,3.975,3.83599,33300,0.15,3.636363636,,
11/4/2016,3.95,4,3.95,3.975,3.83599,19000,-0.025,-0.632911392,,
11/7/2016,4.075,4.1,3.975,4.05,3.908368,15500,0.025,0.613496933,,
11/8/2016,4.075,4.1,4.05,4.05,3.908368,8900,0.025,0.613496933,,
11/9/2016,4,4.05,3.95,4.025,3.884242,58300,-0.025,-0.625,,
11/10/2016,4.075,4.125,4,4.025,3.884242,31400,0.05,1.226993865,,
11/11/2016,4.025,4.025,3.95,3.95,3.811865,10000,0.075,1.863354037,,
11/14/2016,4.025,4.025,3.9,4.025,3.884242,41000,0,0,,
11/15/2016,4,4,3.925,4,3.860116,9400,0,0,,
11/16/2016,3.875,4,3.875,3.95,3.811865,20200,-0.075,-1.935483871,,
11/17/2016,3.925,3.975,3.9,3.975,3.83599,7600,-0.05,-1.27388535,,
11/18/2016,3.975,4.1,3.975,4,3.860116,30400,-0.025,-0.628930818,,
11/21/2016,4,4.15,4,4.075,3.932493,12800,-0.075,-1.875,,
11/22/2016,4.15,4.15,4.05,4.05,3.908368,19700,0.1,2.409638554,,
11/23/2016,4.1,4.1,4.025,4.075,3.932493,5900,0.025,0.609756098,,
11/25/2016,4.1,4.125,4.1,4.125,3.980745,600,-0.025,-0.609756098,,
11/28/2016,4.1,4.125,4.075,4.075,3.932493,6000,0.025,0.609756098,,
11/29/2016,3.975,4.125,3.975,4.125,3.980745,4000,-0.15,-3.773584906,,
11/30/2016,4.125,4.125,4.125,4.125,3.980745,3800,0,0,,
12/1/2016,4.175,4.175,4.1,4.1,3.956619,23000,0.075,1.796407186,,
12/2/2016,4.175,4.175,4.1,4.1,3.956619,26700,0.075,1.796407186,,
12/5/2016,4.25,4.275,4.1,4.25,4.101374,42000,0,0,,
12/6/2016,4.45,4.5,4.4,4.5,4.34263,67100,-0.05,-1.123595506,,
12/7/2016,4.975,5,4.825,4.95,4.776893,78600,0.025,0.502512563,,
12/8/2016,5.325,5.525,5.275,5.475,5.283534,175000,-0.15,-2.816901408,,
12/9/2016,5.3,5.45,5.3,5.375,5.187031,28600,-0.075,-1.41509434,,
12/12/2016,5.45,5.45,5.325,5.375,5.187031,51200,0.075,1.376146789,,
12/13/2016,5.275,5.35,5.275,5.35,5.162906,55300,-0.075,-1.421800948,,
12/14/2016,5.35,5.35,5.25,5.3,5.114654,49400,0.05,0.934579439,,
12/15/2016,5.275,5.275,5.175,5.225,5.042277,46900,0.05,0.947867299,,
12/16/2016,4.95,5.05,4.95,5.025,4.849271,73600,-0.075,-1.515151515,,
12/19/2016,4.975,5,4.95,4.975,4.80102,65500,0,0,,
12/20/2016,5.025,5.025,4.975,5,4.825145,39000,0.025,0.497512438,,
12/21/2016,5.05,5.05,5.025,5.025,4.849271,102500,0.025,0.495049505,,
12/22/2016,5.025,5.025,4.975,5,4.825145,54100,0.025,0.497512438,,
12/23/2016,4.975,5.025,4.975,5.025,4.849271,22900,-0.05,-1.005025126,,
12/27/2016,5.25,5.25,5.2,5.225,5.042277,58100,0.025,0.476190476,,
12/28/2016,5.675,5.85,5.675,5.825,5.621294,220800,-0.15,-2.643171806,,
12/29/2016,5.825,5.85,5.75,5.75,5.548917,65100,0.075,1.287553648,,
12/30/2016,5.75,5.85,5.75,5.825,5.621294,91400,-0.075,-1.304347826,,
1/3/2017,5.825,5.825,5.75,5.775,5.573043,112900,0.05,0.858369099,,
1/4/2017,6.225,6.325,6.225,6.3,6.079683,165500,-0.075,-1.204819277,,
1/5/2017,7.05,7.05,6.925,7.025,6.779329,218400,0.025,0.354609929,,
1/6/2017,6.85,6.85,6.7,6.75,6.513946,373500,0.1,1.459854015,,
1/9/2017,6.8,6.8,6.65,6.775,6.538072,147800,0.025,0.367647059,,
1/10/2017,7,7,6.9,6.9,6.658701,162400,0.1,1.428571429,,
1/11/2017,6.925,6.925,6.775,6.85,6.610449,187200,0.075,1.083032491,,
1/12/2017,6.85,6.85,6.75,6.775,6.538072,41000,0.075,1.094890511,,
1/13/2017,6.775,6.775,6.575,6.625,6.393318,127800,0.15,2.21402214,,
1/17/2017,6.4,6.4,6.2,6.2,5.98318,168400,0.2,3.125,,
1/18/2017,6.2,6.2,6.05,6.075,5.862551,47100,0.125,2.016129032,,
1/19/2017,6.3,6.45,6.25,6.325,6.103809,87000,-0.025,-0.396825397,,
1/20/2017,6.575,6.575,6.35,6.4,6.176187,54400,0.175,2.661596958,,
1/23/2017,6.8,6.8,6.5,6.75,6.513946,94800,0.05,0.735294118,,
1/24/2017,6.725,6.75,6.6,6.625,6.393318,74600,0.1,1.486988848,,
1/25/2017,6.675,6.725,6.6,6.725,6.48982,37400,-0.05,-0.74906367,,
1/26/2017,6.7,6.775,6.7,6.725,6.48982,39000,-0.025,-0.373134328,,
1/27/2017,6.775,6.775,6.7,6.725,6.48982,10900,0.05,0.73800738,,
1/30/2017,6.7,6.75,6.65,6.675,6.441569,54800,0.025,0.373134328,,
1/31/2017,6.65,6.7,6.625,6.7,6.465694,29200,-0.05,-0.751879699,,
2/1/2017,6.75,6.775,6.725,6.75,6.513946,10100,0,0,,
2/2/2017,6.775,7.025,6.775,7,6.755203,61600,-0.225,-3.32103321,,
2/3/2017,7.15,7.375,7.125,7.375,7.117089,104600,-0.225,-3.146853147,,
2/6/2017,7.075,7.125,7.05,7.1,6.851707,139500,-0.025,-0.35335689,,
2/7/2017,6.975,6.975,6.875,6.9,6.658701,39800,0.075,1.075268817,,
2/8/2017,7.2,7.2,7.125,7.175,6.924083,53800,0.025,0.347222222,,
2/9/2017,7.35,7.375,7.25,7.375,7.117089,60800,-0.025,-0.340136054,,
2/10/2017,7.2,7.325,7.175,7.225,6.972335,36000,-0.025,-0.347222222,,
2/13/2017,7.3,7.3,7.225,7.275,7.020586,32900,0.025,0.342465753,,
2/14/2017,7.275,7.275,7.175,7.175,6.924083,20300,0.1,1.374570447,,
2/15/2017,6.95,7.15,6.95,7.15,6.899958,31000,-0.2,-2.877697842,,
2/16/2017,7.15,7.15,7.075,7.1,6.851707,36000,0.05,0.699300699,,
2/17/2017,7.05,7.35,7.05,7.325,7.068838,31400,-0.275,-3.90070922,,
2/21/2017,7.325,7.35,7.1,7.325,7.068838,23600,0,0,,
2/22/2017,7.275,7.275,7.15,7.2,6.948209,47600,0.075,1.030927835,,
2/23/2017,7.25,7.25,7.15,7.175,6.924083,21400,0.075,1.034482759,,
2/24/2017,7.175,7.2,7.125,7.2,6.948209,34900,-0.025,-0.348432056,,
2/27/2017,7.225,7.25,7.175,7.2,6.948209,27800,0.025,0.346020761,,
2/28/2017,7.225,7.35,7.225,7.325,7.068838,16300,-0.1,-1.384083045,,
3/1/2017,7.325,7.525,7.325,7.525,7.261844,188200,-0.2,-2.730375427,,
3/2/2017,7.45,7.475,7.4,7.45,7.189466,133200,0,0,,
3/3/2017,7.45,7.525,7.45,7.525,7.261844,96200,-0.075,-1.006711409,,
3/6/2017,7.675,7.775,7.675,7.775,7.503101,90800,-0.1,-1.302931596,,
3/7/2017,8.15,8.3,8.125,8.275,7.985614,175700,-0.125,-1.533742331,,
3/8/2017,8.025,8.125,7.95,8.05,7.768484,249000,-0.025,-0.31152648,,
3/9/2017,8.1,8.125,8.075,8.075,7.792609,101100,0.025,0.308641975,,
3/10/2017,8.25,8.275,8.15,8.2,7.913238,79500,0.05,0.606060606,,
3/13/2017,8.475,8.625,8.475,8.575,8.275125,132500,-0.1,-1.179941003,,
3/14/2017,9,9.675,8.975,9.325,8.998896,166700,-0.325,-3.611111111,,
3/15/2017,9,9.025,8.825,8.975,8.661136,169700,0.025,0.277777778,,
3/16/2017,9.425,9.625,9.25,9.5,9.167775,150800,-0.075,-0.795755968,,
3/17/2017,9.5,9.525,9.45,9.475,9.143651,45600,0.025,0.263157895,,
3/20/2017,9.45,9.575,9.45,9.5,9.167775,146500,-0.05,-0.529100529,,
3/21/2017,9.425,9.425,9.225,9.3,8.974771,214400,0.125,1.326259947,,
3/22/2017,9.275,9.35,9.225,9.3,8.974771,119700,-0.025,-0.269541779,,
3/23/2017,9.2,9.225,9.175,9.175,8.854142,61700,0.025,0.27173913,,
3/24/2017,9.25,9.35,9.25,9.35,9.023022,82800,-0.1,-1.081081081,,
3/27/2017,9.4,9.475,9.375,9.425,9.095399,100600,-0.025,-0.265957447,,
3/28/2017,9.75,9.775,9.65,9.725,9.384908,71800,0.025,0.256410256,,
3/29/2017,9.775,9.95,9.75,9.9,9.553786,83200,-0.125,-1.278772379,,
3/30/2017,10,10.025,9.975,9.975,9.626165,131100,0.025,0.25,,
3/31/2017,10.475,10.475,10.3,10.475,10.108681,148600,0,0,,
4/3/2017,11.1,11.1,10.875,11.075,10.687696,214000,0.025,0.225225225,,
4/4/2017,11.175,11.225,11.175,11.225,10.832452,103400,-0.05,-0.447427293,,
4/5/2017,11.2,11.225,11.125,11.15,10.760074,232800,0.05,0.446428571,,
4/6/2017,10.775,10.85,10.7,10.825,10.44644,246900,-0.05,-0.464037123,,
4/7/2017,10.225,10.25,10,10.1,9.746795,325800,0.125,1.222493888,,
4/10/2017,8.825,8.825,8.575,8.6,8.29925,464100,0.225,2.549575071,,
4/11/2017,7.95,8,7.775,8,7.720233,332400,-0.05,-0.628930818,,
4/12/2017,8.5,8.575,8.5,8.525,8.226872,273400,-0.025,-0.294117647,,
4/13/2017,8.5,8.55,8.475,8.55,8.250999,80700,-0.05,-0.588235294,,
4/17/2017,8.35,8.5,8.35,8.475,8.178621,102400,-0.125,-1.497005988,,
4/18/2017,8.8,8.9,8.8,8.85,8.540508,105200,-0.05,-0.568181818,,
4/19/2017,9.475,9.625,9.475,9.525,9.191901,157800,-0.05,-0.527704485,,
4/20/2017,9.225,9.225,9.1,9.125,8.80589,78400,0.1,1.08401084,,
4/21/2017,9.175,9.325,9.175,9.275,8.950644,26100,-0.1,-1.089918256,,
4/24/2017,9.225,9.225,9.05,9.125,8.80589,104400,0.1,1.08401084,,
4/25/2017,9.275,9.325,9.175,9.325,8.998896,122500,-0.05,-0.539083558,,
4/26/2017,9.375,9.475,9.275,9.4,9.071274,110800,-0.025,-0.266666667,,
4/27/2017,9.375,9.45,9.35,9.45,9.119524,40000,-0.075,-0.8,,
4/28/2017,9,9,8.8,9,8.685261,207800,0,0,,
5/1/2017,9.3,9.3,9.2,9.25,8.926519,58000,0.05,0.537634409,,
5/2/2017,9.2,9.2,9.1,9.1,8.781765,120200,0.1,1.086956522,,
5/3/2017,9.025,9.125,9,9.125,8.80589,66200,-0.1,-1.108033241,,
5/4/2017,9.15,9.15,9.025,9.125,8.80589,19300,0.025,0.273224044,,
5/5/2017,9.125,9.225,9.1,9.2,8.878267,21400,-0.075,-0.821917808,,
5/8/2017,9.2,9.225,9.1,9.125,8.80589,61500,0.075,0.815217391,,
5/9/2017,9,9.05,8.95,9,8.685261,60100,0,0,,
5/10/2017,8.625,8.65,8.55,8.65,8.347501,87000,-0.025,-0.289855072,,
5/11/2017,8.75,8.8,8.675,8.775,8.468129,74600,-0.025,-0.285714286,,
5/12/2017,9.175,9.225,8.975,9.175,8.854142,28000,0,0,,
5/15/2017,9.1,9.125,9,9,8.685261,42200,0.1,1.098901099,,
5/16/2017,8.9,8.95,8.875,8.95,8.637011,32400,-0.05,-0.561797753,,
5/17/2017,8.8,8.875,8.675,8.725,8.41988,73400,0.075,0.852272727,,
5/18/2017,8.625,8.825,8.625,8.825,8.51638,19600,-0.2,-2.31884058,,
5/19/2017,9.05,9.375,8.975,9.2,8.878267,120500,-0.15,-1.657458564,,
5/22/2017,9.275,9.375,9.275,9.35,9.023022,73600,-0.075,-0.808625337,,
5/23/2017,9.3,9.325,9.2,9.25,8.926519,21200,0.05,0.537634409,,
5/24/2017,9.125,9.2,9.025,9.2,8.878267,66400,-0.075,-0.821917808,,
5/25/2017,9.2,9.25,9.15,9.25,8.926519,73300,-0.05,-0.543478261,,
5/26/2017,9.35,9.575,9.35,9.5,9.167775,73900,-0.15,-1.604278075,,
5/30/2017,9.325,9.325,9.225,9.225,8.902393,42500,0.1,1.072386059,,
5/31/2017,9.225,9.225,9.05,9.15,8.830015,30600,0.075,0.81300813,,
6/1/2017,9.175,9.175,9.05,9.075,8.757639,43000,0.1,1.089918256,,
6/2/2017,9.075,9.175,9.075,9.125,8.80589,25400,-0.05,-0.550964187,,
6/5/2017,9.075,9.1,9.025,9.075,8.757639,64900,0,0,,
6/6/2017,9.2,9.25,9.075,9.175,8.854142,26600,0.025,0.27173913,,
6/7/2017,9.05,9.2,9.05,9.125,8.80589,29900,-0.075,-0.828729282,,
6/8/2017,9.1,9.1,9.025,9.1,8.781765,32300,0,0,,
6/9/2017,9.05,9.05,8.975,8.975,8.661136,34800,0.075,0.828729282,,
6/12/2017,8.725,8.75,8.575,8.575,8.275125,128100,0.15,1.719197708,,
6/13/2017,8.575,8.575,8.45,8.475,8.178621,45200,0.1,1.166180758,,
6/14/2017,8.825,8.875,8.775,8.775,8.468129,22400,0.05,0.566572238,,
6/15/2017,8.65,8.65,8.5,8.6,8.29925,21300,0.05,0.578034682,,
6/16/2017,8.55,8.55,8.45,8.475,8.178621,51100,0.075,0.877192982,,
6/19/2017,8.575,8.675,8.575,8.625,8.323376,105600,-0.05,-0.583090379,,
6/20/2017,9.3,9.35,9.225,9.3,8.974771,187200,0,0,,
6/21/2017,9.125,9.2,9.075,9.2,8.878267,44100,-0.075,-0.821917808,,
6/22/2017,9.225,9.25,9.15,9.175,8.854142,46100,0.05,0.54200542,,
6/23/2017,9.25,9.375,9.25,9.3,8.974771,51600,-0.05,-0.540540541,,
6/26/2017,9.375,9.425,9.325,9.325,8.998896,23600,0.05,0.533333333,,
6/27/2017,9.325,9.325,9.25,9.3,8.974771,16800,0.025,0.268096515,,
6/28/2017,9.25,9.25,9.175,9.25,8.926519,16200,0,0,,
6/29/2017,9.125,9.15,9.025,9.075,8.757639,31600,0.05,0.547945205,,
6/30/2017,9.175,9.175,9.125,9.15,8.830015,8600,0.025,0.272479564,,
7/3/2017,8.975,9.05,8.975,9,8.685261,19400,-0.025,-0.278551532,,
7/5/2017,8.9,8.95,8.875,8.9,8.588758,28200,0,0,,
7/6/2017,8.875,8.875,8.8,8.85,8.540508,8300,0.025,0.281690141,,
7/7/2017,8.85,8.85,8.75,8.8,8.492256,28000,0.05,0.564971751,,
7/10/2017,8.775,8.8,8.775,8.8,8.492256,10800,-0.025,-0.284900285,,
7/11/2017,8.65,8.65,8.6,8.65,8.347501,25300,0,0,,
7/12/2017,8.7,8.725,8.675,8.7,8.395753,34800,0,0,,
7/13/2017,8.6,8.6,8.55,8.55,8.250999,52000,0.05,0.581395349,,
7/14/2017,8.55,8.625,8.525,8.55,8.250999,12100,0,0,,
7/17/2017,8.55,8.55,8.5,8.55,8.250999,18000,0,0,,
7/18/2017,8.675,8.725,8.675,8.675,8.371628,12600,0,0,,
7/19/2017,8.775,8.775,8.675,8.725,8.41988,21000,0.05,0.56980057,,
7/20/2017,8.525,8.65,8.525,8.575,8.275125,23800,-0.05,-0.586510264,,
7/21/2017,8.575,8.6,8.575,8.6,8.29925,15700,-0.025,-0.29154519,,
7/24/2017,8.6,8.625,8.575,8.575,8.275125,11300,0.025,0.290697674,,
7/25/2017,8.775,9.125,8.725,8.95,8.637011,83300,-0.175,-1.994301994,,
7/26/2017,8.925,8.925,8.875,8.925,8.612885,40800,0,0,,
7/27/2017,8.9,8.9,8.825,8.85,8.540508,41000,0.05,0.561797753,,
7/28/2017,8.85,8.95,8.825,8.875,8.564633,15300,-0.025,-0.282485876,,
7/31/2017,8.8,8.875,8.65,8.725,8.41988,17300,0.075,0.852272727,,
8/1/2017,8.55,8.725,8.55,8.65,8.347501,35800,-0.1,-1.169590643,,
8/2/2017,8.625,8.625,8.525,8.55,8.250999,42700,0.075,0.869565217,,
8/3/2017,8.675,8.775,8.675,8.775,8.468129,31400,-0.1,-1.152737752,,
8/4/2017,8.725,8.725,8.675,8.675,8.371628,11900,0.05,0.573065903,,
8/7/2017,8.75,8.775,8.675,8.725,8.41988,6400,0.025,0.285714286,,
8/8/2017,8.625,8.65,8.575,8.625,8.323376,31500,0,0,,
8/9/2017,8.6,8.625,8.575,8.6,8.29925,11100,0,0,,
8/10/2017,8.575,8.6,8.475,8.475,8.178621,31100,0.1,1.166180758,,
8/11/2017,8.55,8.55,8.5,8.5,8.202748,45700,0.05,0.584795322,,
8/14/2017,8.625,8.675,8.625,8.675,8.371628,14600,-0.05,-0.579710145,,
8/15/2017,8.7,8.7,8.6,8.625,8.323376,14600,0.075,0.862068966,,
8/16/2017,8.525,8.525,8.45,8.5,8.202748,17900,0.025,0.293255132,,
8/17/2017,8.475,8.475,8.325,8.375,8.082118,32800,0.1,1.179941003,,
8/18/2017,8.25,8.25,8.2,8.225,7.937365,52500,0.025,0.303030303,,
8/21/2017,8.075,8.075,7.975,8.025,7.744358,96600,0.05,0.619195046,,
8/22/2017,8.2,8.3,8.175,8.3,8.009741,40300,-0.1,-1.219512195,,
8/23/2017,8.275,8.275,8.125,8.175,7.889113,21300,0.1,1.208459215,,
8/24/2017,8.15,8.15,8.05,8.075,7.792609,15300,0.075,0.920245399,,
8/25/2017,8.05,8.05,8,8.025,7.744358,30500,0.025,0.310559006,,
8/28/2017,8,8,7.95,8,7.720233,13000,0,0,,
8/29/2017,7.975,7.975,7.9,7.95,7.671981,40700,0.025,0.313479624,,
8/30/2017,7.7,7.75,7.675,7.7,7.430724,50400,0,0,,
8/31/2017,7.575,7.575,7.325,7.4,7.141215,101900,0.175,2.310231023,,
9/1/2017,7.375,7.4,7.325,7.375,7.117089,66500,0,0,,
9/5/2017,6.525,6.85,6.525,6.725,6.48982,120000,-0.2,-3.0651341,,
9/6/2017,7.3,7.35,7.3,7.35,7.092963,47300,-0.05,-0.684931507,,
9/7/2017,7.425,7.575,7.425,7.475,7.213593,59400,-0.05,-0.673400673,,
9/8/2017,7.25,7.3,7.25,7.275,7.020586,28200,-0.025,-0.344827586,,
9/11/2017,7.4,7.625,7.4,7.5,7.237718,19600,-0.1,-1.351351351,,
9/12/2017,7.65,7.65,7.55,7.6,7.33422,37900,0.05,0.653594771,,
9/13/2017,7.65,7.65,7.6,7.625,7.358346,15700,0.025,0.326797386,,
9/14/2017,7.5,7.575,7.5,7.5,7.237718,8600,0,0,,
9/15/2017,7.525,7.575,7.525,7.575,7.310095,18600,-0.05,-0.664451827,,
9/18/2017,7.625,7.625,7.55,7.575,7.310095,19700,0.05,0.655737705,,
9/19/2017,7.6,7.675,7.6,7.675,7.406598,13200,-0.075,-0.986842105,,
9/20/2017,7.7,7.7,7.6,7.6,7.33422,27800,0.1,1.298701299,,
9/21/2017,7.575,7.625,7.575,7.6,7.33422,10300,-0.025,-0.330033003,,
9/22/2017,7.575,7.6,7.575,7.6,7.33422,15400,-0.025,-0.330033003,,
9/25/2017,7.5,7.5,7.4,7.425,7.165341,21200,0.075,1,,
9/26/2017,7.45,7.45,7.3,7.375,7.117089,53900,0.075,1.006711409,,
9/27/2017,7.275,7.475,7.275,7.475,7.213593,26000,-0.2,-2.749140893,,
9/28/2017,7.5,7.5,7.45,7.5,7.237718,9000,0,0,,
9/29/2017,7.5,7.5,7.45,7.45,7.189466,2800,0.05,0.666666667,,
10/2/2017,7.65,7.65,7.65,7.65,7.382473,300,0,0,,
10/3/2017,7.85,8.81,7.76,7.99,7.710582,19700,-0.14,-1.78343949,,
10/4/2017,8.25,8.25,8.19,8.19,7.903588,19400,0.06,0.727272727,,
10/5/2017,8.31,8.31,8.2,8.29,8.000091,17600,0.02,0.240673887,,
10/6/2017,8.23,8.23,8.16,8.18,7.893938,37600,0.05,0.607533414,,
10/9/2017,8.22,8.25,8.21,8.21,7.922889,5900,0.01,0.121654501,,
10/10/2017,8.21,8.21,8.16,8.16,7.874638,7600,0.05,0.609013398,,
10/11/2017,8.16,8.16,8.12,8.15,7.864986,8900,0.01,0.12254902,,
10/12/2017,8.14,8.15,8.14,8.15,7.864986,11200,-0.01,-0.122850123,,
10/13/2017,8.1,8.1,8.03,8.07,7.787784,11800,0.03,0.37037037,,
10/16/2017,7.97,8,7.95,8,7.720233,13600,-0.03,-0.376411543,,
10/17/2017,8.11,8.15,8.09,8.1,7.816736,48600,0.01,0.123304562,,
10/18/2017,8,8,7.96,7.98,7.700932,15400,0.02,0.25,,
10/19/2017,7.96,7.96,7.89,7.92,7.64303,27800,0.04,0.502512563,,
10/20/2017,7.92,7.92,7.88,7.9,7.62373,10400,0.02,0.252525253,,
10/23/2017,7.9,7.9,7.83,7.85,7.575478,18300,0.05,0.632911392,,
10/24/2017,7.84,7.84,7.75,7.78,7.507927,22600,0.06,0.765306122,,
10/25/2017,7.72,7.72,7.55,7.6,7.33422,62800,0.12,1.554404145,,
10/26/2017,7.59,7.64,7.57,7.64,7.372822,54100,-0.05,-0.658761528,,
10/27/2017,7.84,7.98,7.81,7.97,7.691282,22700,-0.13,-1.658163265,,
10/30/2017,7.96,7.96,7.9,7.95,7.671981,16500,0.01,0.125628141,,
10/31/2017,7.95,7.95,7.95,7.95,7.671981,0,0,0,,
11/1/2017,7.85,7.85,7.79,7.82,7.546527,16500,0.03,0.382165605,,
11/2/2017,7.79,7.8,7.78,7.8,7.527226,23500,-0.01,-0.128369705,,
11/3/2017,7.78,7.8,7.78,7.79,7.517576,7800,-0.01,-0.128534704,,
11/6/2017,7.78,7.8,7.78,7.8,7.527226,39700,-0.02,-0.257069409,,
11/7/2017,7.78,7.85,7.78,7.81,7.536877,26100,-0.03,-0.385604113,,
11/8/2017,7.81,7.99,7.81,7.99,7.710582,33500,-0.18,-2.304737516,,
11/9/2017,7.76,7.76,7.7,7.73,7.459675,40500,0.03,0.386597938,,
11/10/2017,7.74,7.74,7.65,7.67,7.401773,111300,0.07,0.904392765,,
11/13/2017,7.42,7.52,7.25,7.27,7.015761,484900,0.15,2.021563342,,
11/14/2017,7.55,7.69,7.55,7.65,7.382473,78900,-0.1,-1.324503311,,
11/15/2017,7.38,7.5,7.38,7.43,7.170166,92200,-0.05,-0.677506775,,
11/16/2017,7.65,7.68,7.61,7.66,7.392122,109900,-0.01,-0.130718954,,
11/17/2017,7.62,7.69,7.62,7.68,7.411423,8500,-0.06,-0.787401575,,
11/20/2017,7.73,7.79,7.72,7.79,7.517576,10000,-0.06,-0.776196636,,
11/21/2017,7.75,7.75,7.7,7.71,7.440374,17900,0.04,0.516129032,,
11/22/2017,7.88,7.95,7.88,7.91,7.63338,35900,-0.03,-0.38071066,,
11/24/2017,7.86,7.94,7.84,7.85,7.575478,3300,0.01,0.127226463,,
11/27/2017,7.92,7.95,7.91,7.95,7.671981,19000,-0.03,-0.378787879,,
11/28/2017,7.97,7.97,7.87,7.9,7.62373,17600,0.07,0.878293601,,
11/29/2017,7.94,7.96,7.89,7.9,7.62373,20200,0.04,0.503778338,,
11/30/2017,8.19,8.49,8.15,8.41,8.115894,226800,-0.22,-2.686202686,,
12/1/2017,8.35,8.45,8.26,8.33,8.038692,56700,0.02,0.239520958,,
12/4/2017,8.75,8.78,8.73,8.73,8.424704,83500,0.02,0.228571429,,
12/5/2017,8.61,8.65,8.56,8.65,8.347501,37200,-0.04,-0.464576074,,
12/6/2017,8.65,8.65,8.57,8.62,8.31855,35400,0.03,0.346820809,,
12/7/2017,8.4,8.41,8.36,8.4,8.106244,32200,0,0,,
12/8/2017,8.34,8.34,8.11,8.13,7.845686,47200,0.21,2.517985612,,
12/11/2017,8.3,8.3,8.23,8.23,7.942188,18000,0.07,0.843373494,,
12/12/2017,8.3,8.3,8.23,8.29,8.000091,29600,0.01,0.120481928,,
12/13/2017,8.48,8.48,8.4,8.43,8.135196,13600,0.05,0.589622642,,
12/14/2017,8.45,8.48,8.45,8.47,8.173797,34800,-0.02,-0.236686391,,
12/15/2017,8.65,8.68,8.65,8.66,8.357151,56200,-0.01,-0.115606936,,
12/18/2017,8.59,8.65,8.59,8.63,8.3282,5100,-0.04,-0.465657742,,
12/19/2017,8.54,8.58,8.52,8.53,8.231699,64600,0.01,0.117096019,,
12/20/2017,8.52,8.55,8.51,8.55,8.250999,19300,-0.03,-0.352112676,,
12/21/2017,8.49,8.52,8.49,8.49,8.193097,16400,0,0,,
12/22/2017,8.52,8.56,8.51,8.55,8.250999,23900,-0.03,-0.352112676,,
12/26/2017,8.55,8.55,8.39,8.4,8.106244,27500,0.15,1.754385965,,
12/27/2017,8.54,8.55,8.5,8.51,8.212398,31600,0.03,0.351288056,,
12/28/2017,8.5,8.51,8.46,8.49,8.193097,12100,0.01,0.117647059,,
12/29/2017,8.53,8.55,8.5,8.51,8.212398,30100,0.02,0.234466589,,
1/2/2018,8.49,8.58,8.49,8.55,8.250999,26900,-0.06,-0.706713781,,
1/3/2018,8.58,8.72,8.58,8.72,8.415053,79800,-0.14,-1.631701632,,
1/4/2018,8.69,8.71,8.6,8.6,8.29925,35700,0.09,1.035673188,,
1/5/2018,8.59,8.63,8.58,8.63,8.3282,12400,-0.04,-0.465657742,,
1/8/2018,8.65,8.69,8.65,8.68,8.376452,43900,-0.03,-0.346820809,,
1/9/2018,8.77,8.88,8.77,8.82,8.511557,16700,-0.05,-0.570125428,,
1/10/2018,8.9,9.21,8.9,9.16,8.839666,63100,-0.26,-2.921348315,,
1/11/2018,9.29,9.31,9.28,9.29,8.965119,57900,0,0,,
1/12/2018,9.01,9.23,9.01,9.14,8.820366,33100,-0.13,-1.442841287,,
1/16/2018,9.15,9.15,9.14,9.14,8.820366,23700,0.01,0.109289617,,
1/17/2018,9.02,9.1,9.02,9.08,8.762464,36900,-0.06,-0.66518847,,
1/18/2018,9.16,9.16,8.93,8.99,8.675611,45000,0.17,1.855895197,,
1/19/2018,9.1,9.1,9.06,9.1,8.781765,15300,0,0,,
1/22/2018,9.19,9.19,9.13,9.15,8.830015,8400,0.04,0.435255713,,
1/23/2018,9.15,9.18,9.14,9.15,8.830015,21800,0,0,,
1/24/2018,9.16,9.21,9.16,9.21,8.887918,14500,-0.05,-0.545851528,,
1/25/2018,9.12,9.15,9.09,9.13,8.810716,22500,-0.01,-0.109649123,,
1/26/2018,9.1,9.3,9.09,9.23,8.907217,49400,-0.13,-1.428571429,,
1/29/2018,9.19,9.21,9.15,9.15,8.830015,22700,0.04,0.435255713,,
1/30/2018,9.18,9.21,9.12,9.18,8.858967,19100,0,0,,
1/31/2018,9.28,9.35,9.2,9.32,8.99407,38800,-0.04,-0.431034483,,
2/1/2018,8.98,8.98,8.88,8.88,8.569459,32200,0.1,1.113585746,,
2/2/2018,8.82,8.82,8.71,8.73,8.424704,83600,0.09,1.020408163,,
2/5/2018,8.46,8.46,8.2,8.34,8.048343,40200,0.12,1.418439716,,
2/6/2018,8.16,8.27,8.04,8.2,7.913238,75300,-0.04,-0.490196078,,
2/7/2018,8.36,8.38,8.29,8.29,8.000091,31100,0.07,0.837320574,,
2/8/2018,8.13,8.13,7.91,7.96,7.681632,30500,0.17,2.09102091,,
2/9/2018,7.81,7.94,7.7,7.82,7.546527,49200,-0.01,-0.128040973,,
2/12/2018,7.82,7.95,7.81,7.95,7.671981,27200,-0.13,-1.662404092,,
2/13/2018,7.79,7.91,7.79,7.81,7.536877,34000,-0.02,-0.256739409,,
2/14/2018,7.69,7.86,7.69,7.83,7.556177,8400,-0.14,-1.820546164,,
2/15/2018,7.87,7.99,7.87,7.89,7.614079,5800,-0.02,-0.254129606,,
2/16/2018,8,8.11,8,8.08,7.797435,16500,-0.08,-1,,
2/20/2018,8.1,8.13,8.1,8.13,7.845686,6600,-0.03,-0.37037037,,
2/21/2018,8.31,8.31,8.18,8.24,7.951839,14300,0.07,0.842358604,,
2/22/2018,8.19,8.29,8.19,8.21,7.922889,4600,-0.02,-0.244200244,,
2/23/2018,8.29,8.37,8.29,8.37,8.077293,19200,-0.08,-0.965018094,,
2/26/2018,8.59,8.75,8.59,8.72,8.415053,42500,-0.13,-1.51338766,,
2/27/2018,8.67,8.71,8.65,8.65,8.347501,42100,0.02,0.230680507,,
2/28/2018,8.67,8.75,8.67,8.72,8.415053,14400,-0.05,-0.576701269,,
3/1/2018,8.5,8.5,8.39,8.39,8.096594,49100,0.11,1.294117647,,
3/2/2018,8.24,8.31,8.19,8.29,8.000091,78500,-0.05,-0.606796117,,
3/5/2018,8.36,8.53,8.36,8.53,8.231699,7700,-0.17,-2.033492823,,
3/6/2018,8.42,8.42,8.34,8.41,8.115894,66700,0.01,0.118764846,,
3/7/2018,8.12,8.12,8.06,8.1,7.816736,34100,0.02,0.246305419,,
3/8/2018,8.18,8.29,8.18,8.23,7.942188,2500,-0.05,-0.611246944,,
3/9/2018,8.3,8.33,8.25,8.3,8.009741,7900,0,0,,
3/12/2018,8.31,8.31,8.21,8.31,8.019392,8100,0,0,,
3/13/2018,8.25,8.25,8.16,8.17,7.884287,16500,0.08,0.96969697,,
3/14/2018,8.18,8.18,8.15,8.16,7.874638,8000,0.02,0.244498778,,
3/15/2018,8.23,8.23,8.2,8.21,7.922889,6100,0.02,0.243013366,,
3/16/2018,8.19,8.23,8.19,8.23,7.942188,10300,-0.04,-0.488400488,,
3/19/2018,8.05,8.05,7.93,7.98,7.700932,34200,0.07,0.869565217,,
3/20/2018,8,8.08,8,8.05,7.768484,19500,-0.05,-0.625,,
3/21/2018,8.04,8.07,8.02,8.06,7.778134,7400,-0.02,-0.248756219,,
3/22/2018,7.99,8,7.96,7.96,7.681632,11100,0.03,0.375469337,,
3/23/2018,7.72,7.72,7.61,7.61,7.343871,12800,0.11,1.424870466,,
3/26/2018,7.63,7.67,7.61,7.67,7.401773,20900,-0.04,-0.524246396,,
3/27/2018,7.6,7.6,7.5,7.5,7.237718,31800,0.1,1.315789474,,
3/28/2018,7.5,7.5,7.4,7.47,7.230867,9700,0.03,0.4,,
3/29/2018,7.35,7.44,7.35,7.44,7.201828,40400,-0.09,-1.224489796,,
4/2/2018,7.51,7.53,7.48,7.53,7.288947,21200,-0.02,-0.266311585,,
4/3/2018,7.43,7.55,7.43,7.51,7.269587,5200,-0.08,-1.076716016,,
4/4/2018,7.33,7.45,7.33,7.45,7.211507,3900,-0.12,-1.637107776,,
4/5/2018,7.47,7.53,7.42,7.43,7.192148,8800,0.04,0.535475234,,
4/6/2018,7.38,7.38,7.28,7.28,7.04695,4000,0.1,1.35501355,,
4/9/2018,7.61,7.66,7.61,7.63,7.385746,41100,-0.02,-0.262812089,,
4/10/2018,7.81,7.87,7.81,7.84,7.589024,23600,-0.03,-0.384122919,,
4/11/2018,7.95,7.95,7.86,7.9,7.647102,16500,0.05,0.628930818,,
4/12/2018,7.84,7.89,7.84,7.84,7.589024,6500,0,0,,
4/13/2018,7.92,7.92,7.9,7.92,7.666462,45400,0,0,,
4/16/2018,7.92,7.98,7.9,7.96,7.705182,8700,-0.04,-0.505050505,,
4/17/2018,7.95,8.04,7.92,8.04,7.78262,63500,-0.09,-1.132075472,,
4/18/2018,8.02,8.1,8.02,8.1,7.8407,5300,-0.08,-0.997506234,,
4/19/2018,8.08,8.1,8.08,8.09,7.83102,12100,-0.01,-0.123762376,,
4/20/2018,7.98,8.15,7.98,8.15,7.889099,21900,-0.17,-2.130325815,,
4/23/2018,7.76,7.9,7.68,7.85,7.598703,48000,-0.09,-1.159793814,,
4/24/2018,7.88,7.88,7.8,7.82,7.569664,19200,0.06,0.76142132,,
4/25/2018,7.65,7.65,7.59,7.6,7.356706,9200,0.05,0.653594771,,
4/26/2018,7.65,7.79,7.65,7.65,7.405106,21700,0,0,,
4/27/2018,7.37,7.37,7.33,7.34,7.10503,11900,0.03,0.407055631,,
4/30/2018,7.32,7.39,7.3,7.3,7.06631,26200,0.02,0.273224044,,
5/1/2018,7.1,7.13,7.07,7.13,6.901752,84000,-0.03,-0.422535211,,
5/2/2018,7.07,7.17,7.07,7.17,6.940472,3000,-0.1,-1.414427157,,
5/3/2018,7.13,7.15,7.03,7.15,6.921112,5100,-0.02,-0.280504909,,
5/4/2018,7.05,7.18,7.05,7.18,6.950151,77700,-0.13,-1.843971631,,
5/7/2018,7.1,7.14,7.1,7.12,6.892072,47300,-0.02,-0.281690141,,
5/8/2018,7.22,7.22,7.18,7.21,6.979191,16500,0.01,0.138504155,,
5/9/2018,7.18,7.18,7.11,7.11,6.882392,29700,0.07,0.974930362,,
5/10/2018,7.27,7.27,7.16,7.2,6.969511,5400,0.07,0.962861073,,
5/11/2018,7.29,7.3,7.28,7.28,7.04695,7500,0.01,0.137174211,,
5/14/2018,7.25,7.3,7.25,7.3,7.06631,4700,-0.05,-0.689655172,,
5/15/2018,7.2,7.25,7.19,7.23,6.998551,7100,-0.03,-0.416666667,,
5/16/2018,7.11,7.22,7.11,7.22,6.98887,3100,-0.11,-1.547116737,,
5/17/2018,7.19,7.26,7.18,7.22,6.98887,3200,-0.03,-0.417246175,,
5/18/2018,7.38,7.38,7.32,7.35,7.114709,6400,0.03,0.406504065,,
5/21/2018,7.45,7.45,7.43,7.44,7.201828,20900,0.01,0.134228188,,
5/22/2018,7.35,7.41,7.3,7.32,7.08567,57600,0.03,0.408163265,,
5/23/2018,7.23,7.27,7.18,7.23,6.998551,6300,0,0,,
5/24/2018,7.12,7.15,7.11,7.11,6.882392,6900,0.01,0.140449438,,
5/25/2018,7.07,7.09,7.01,7.07,6.843673,4200,0,0,,
5/29/2018,6.75,6.75,6.64,6.7,6.485517,12400,0.05,0.740740741,,
5/30/2018,6.79,6.9,6.79,6.89,6.669435,56100,-0.1,-1.47275405,,
5/31/2018,6.65,6.65,6.58,6.59,6.379039,41700,0.06,0.902255639,,
6/1/2018,6.57,6.64,6.56,6.61,6.398398,26500,-0.04,-0.608828006,,
6/4/2018,6.74,6.75,6.65,6.75,6.533916,16200,-0.01,-0.148367953,,
6/5/2018,6.35,6.41,6.35,6.4,6.195121,45500,-0.05,-0.787401575,,
6/6/2018,6.4,6.48,6.4,6.48,6.27256,20600,-0.08,-1.25,,
6/7/2018,6.61,6.62,6.56,6.59,6.379039,36100,0.02,0.302571861,,
6/8/2018,6.53,6.58,6.53,6.58,6.369359,30200,-0.05,-0.765696784,,
6/11/2018,6.62,6.62,6.52,6.59,6.379039,20500,0.03,0.453172205,,
6/12/2018,6.61,6.61,6.53,6.57,6.359679,42700,0.04,0.605143722,,
6/13/2018,6.56,6.64,6.56,6.59,6.379039,15000,-0.03,-0.457317073,,
6/14/2018,6.43,6.52,6.43,6.5,6.29192,48800,-0.07,-1.088646967,,
6/15/2018,6.21,6.32,6.21,6.32,6.117682,45300,-0.11,-1.771336554,,
6/18/2018,6.12,6.12,6.08,6.09,5.895045,15000,0.03,0.490196078,,
6/19/2018,5.98,6.09,5.98,6.01,5.817605,31900,-0.03,-0.501672241,,
6/20/2018,6.03,6.03,5.98,6,5.807926,74500,0.03,0.497512438,,
6/21/2018,6.03,6.03,5.99,6.02,5.827286,10500,0.01,0.165837479,,
6/22/2018,5.9,5.94,5.85,5.85,5.662728,44600,0.05,0.847457627,,
6/25/2018,5.58,5.8,5.57,5.6,5.420731,33900,-0.02,-0.358422939,,
6/26/2018,5.58,5.62,5.58,5.61,5.430411,27200,-0.03,-0.537634409,,
6/27/2018,5.43,5.51,5.43,5.48,5.304572,45800,-0.05,-0.920810313,,
6/28/2018,5.27,5.27,5.25,5.27,5.101295,25300,0,0,,
6/29/2018,6.01,6.06,5.99,6.03,5.836966,135700,-0.02,-0.332778702,,
7/2/2018,5.58,5.61,5.54,5.57,5.391691,53100,0.01,0.17921147,,
7/3/2018,5.51,5.59,5.51,5.58,5.401371,15900,-0.07,-1.270417423,,
7/5/2018,5.36,5.39,5.35,5.37,5.198094,32400,-0.01,-0.186567164,,
7/6/2018,5.31,5.31,5.29,5.3,5.130334,35200,0.01,0.188323917,,
7/9/2018,5.45,5.45,5.44,5.45,5.275532,48400,0,0,,
7/10/2018,5.65,5.65,5.57,5.63,5.44977,73100,0.02,0.353982301,,
7/11/2018,5.67,5.7,5.65,5.7,5.517529,81000,-0.03,-0.529100529,,
7/12/2018,5.76,5.77,5.7,5.76,5.575609,15100,0,0,,
7/13/2018,5.9,6.02,5.9,6.01,5.817605,20800,-0.11,-1.86440678,,
7/16/2018,5.99,6.01,5.93,6,5.807926,54300,-0.01,-0.166944908,,
7/17/2018,6.11,6.14,6.03,6.12,5.924084,54700,-0.01,-0.163666121,,
7/18/2018,5.93,5.93,5.86,5.89,5.701447,41500,0.04,0.674536256,,
7/19/2018,5.88,5.89,5.85,5.86,5.672408,59400,0.02,0.340136054,,
7/20/2018,5.75,5.75,5.74,5.74,5.556249,6200,0.01,0.173913043,,
7/23/2018,5.67,5.73,5.67,5.7,5.517529,8800,-0.03,-0.529100529,,
7/24/2018,5.73,5.78,5.73,5.77,5.585289,62200,-0.04,-0.698080279,,
7/25/2018,5.65,5.68,5.65,5.67,5.48849,8500,-0.02,-0.353982301,,
7/26/2018,5.7,5.83,5.7,5.8,5.614328,15700,-0.1,-1.754385965,,
7/27/2018,5.91,5.91,5.85,5.85,5.662728,39000,0.06,1.015228426,,
7/30/2018,5.8,5.8,5.72,5.78,5.594969,13800,0.02,0.344827586,,
7/31/2018,6.04,6.06,5.85,6.06,5.866005,117000,-0.02,-0.331125828,,
8/1/2018,6.09,6.19,6.09,6.18,5.982163,54400,-0.09,-1.477832512,,
8/2/2018,6.45,6.54,6.45,6.53,6.32096,57200,-0.08,-1.240310078,,
8/3/2018,6.35,6.43,6.35,6.43,6.224161,33400,-0.08,-1.25984252,,
8/6/2018,6.38,6.42,6.35,6.39,6.185441,8400,-0.01,-0.156739812,,
8/7/2018,6.54,6.59,6.48,6.52,6.311279,37100,0.02,0.305810398,,
8/8/2018,6.41,6.52,6.41,6.47,6.26288,10300,-0.06,-0.936037441,,
8/9/2018,6.5,6.53,6.5,6.52,6.311279,27900,-0.02,-0.307692308,,
8/10/2018,6.41,6.41,6.38,6.38,6.175761,23000,0.03,0.468018721,,
8/13/2018,6.26,6.3,6.26,6.28,6.078963,20100,-0.02,-0.319488818,,
8/14/2018,6.25,6.26,6.2,6.24,6.040243,42200,0.01,0.16,,
8/15/2018,6.15,6.2,6.1,6.12,5.924084,31700,0.03,0.487804878,,
8/16/2018,6.12,6.19,6.12,6.17,5.972484,37400,-0.05,-0.816993464,,
8/17/2018,6,6.18,6,6.18,5.982163,16500,-0.18,-3,,
8/20/2018,6.3,6.34,6.3,6.31,6.108002,25700,-0.01,-0.158730159,,
8/21/2018,6.39,6.4,6.37,6.38,6.175761,26700,0.01,0.156494523,,
8/22/2018,6.5,6.57,6.5,6.56,6.349999,8000,-0.06,-0.923076923,,
8/23/2018,6.38,6.38,6.36,6.38,6.175761,15600,0,0,,
8/24/2018,6.3,6.42,6.3,6.41,6.204801,50800,-0.11,-1.746031746,,
8/27/2018,6.15,6.2,6.1,6.2,6.001523,20300,-0.05,-0.81300813,,
8/28/2018,6.09,6.11,6.08,6.1,5.904724,32500,-0.01,-0.164203612,,
8/29/2018,6.03,6.07,6.01,6.06,5.866005,24200,-0.03,-0.497512438,,
8/30/2018,5.95,6.06,5.94,6.01,5.817605,35700,-0.06,-1.008403361,,
8/31/2018,5.9,5.99,5.9,5.96,5.769207,57900,-0.06,-1.016949153,,
9/4/2018,5.64,5.65,5.61,5.64,5.45945,31300,0,0,,
9/5/2018,5.5,5.59,5.5,5.58,5.401371,38800,-0.08,-1.454545455,,
9/6/2018,5.45,5.45,5.36,5.42,5.246493,26400,0.03,0.550458716,,
9/7/2018,5.41,5.45,5.41,5.45,5.275532,47800,-0.04,-0.739371534,,
9/10/2018,5.29,5.32,5.29,5.31,5.140015,17000,-0.02,-0.378071834,,
9/11/2018,5.24,5.3,5.2,5.29,5.120655,89600,-0.05,-0.954198473,,
9/12/2018,5.08,5.14,5.07,5.12,4.956097,23600,-0.04,-0.787401575,,
9/13/2018,5.28,5.28,5.25,5.27,5.101295,34500,0.01,0.189393939,,
9/14/2018,5.35,5.35,5.31,5.35,5.178734,5700,0,0,,
9/17/2018,5.35,5.41,5.35,5.37,5.198094,21900,-0.02,-0.373831776,,
9/18/2018,5.32,5.37,5.26,5.33,5.159374,87300,-0.01,-0.187969925,,
9/19/2018,5.31,5.41,5.31,5.41,5.236813,62100,-0.1,-1.883239171,,
9/20/2018,5.27,5.27,5.23,5.25,5.081935,37700,0.02,0.379506641,,
9/21/2018,5.21,5.27,5.21,5.27,5.101295,27900,-0.06,-1.151631478,,
9/24/2018,5.21,5.27,5.21,5.27,5.101295,33100,-0.06,-1.151631478,,
9/25/2018,5.18,5.23,5.18,5.19,5.023856,64200,-0.01,-0.193050193,,
9/26/2018,5.1,5.1,5.07,5.07,4.907697,37000,0.03,0.588235294,,
9/27/2018,5.02,5.05,4.95,5.02,4.859298,31400,0,0,,
9/28/2018,5.04,5.04,5.01,5.03,4.868978,39400,0.01,0.198412698,,
10/1/2018,5.08,5.08,5.03,5.05,4.888338,29200,0.03,0.590551181,,
10/2/2018,5,5.01,4.95,4.99,4.830258,93400,0.01,0.2,,
10/3/2018,4.99,4.99,4.95,4.97,4.810898,121000,0.02,0.400801603,,
10/4/2018,4.98,4.98,4.91,4.93,4.772179,31200,0.05,1.004016064,,
10/5/2018,4.86,4.91,4.85,4.91,4.752819,85600,-0.05,-1.028806584,,
10/8/2018,4.91,4.94,4.88,4.92,4.762499,43500,-0.01,-0.203665988,,
10/9/2018,4.8,4.8,4.63,4.66,4.510822,120600,0.14,2.916666667,,
10/10/2018,4.62,4.62,4.55,4.58,4.433383,74500,0.04,0.865800866,,
10/11/2018,4.62,4.62,4.44,4.44,4.297865,83800,0.18,3.896103896,,
10/12/2018,4.5,4.5,4.38,4.43,4.288185,68100,0.07,1.555555556,,
10/15/2018,4.34,4.38,4.34,4.36,4.220426,21900,-0.02,-0.460829493,,
10/16/2018,4.32,4.41,4.31,4.37,4.230106,124900,-0.05,-1.157407407,,
10/17/2018,4.45,4.47,4.43,4.47,4.326904,30800,-0.02,-0.449438202,,
10/18/2018,4.36,4.4,4.31,4.34,4.201066,93100,0.02,0.458715596,,
10/19/2018,4.27,4.27,4.21,4.26,4.123628,22500,0.01,0.234192037,,
10/22/2018,4.2,4.23,4.14,4.21,4.075228,45800,-0.01,-0.238095238,,
10/23/2018,3.97,4.1,3.97,4.07,3.93971,214800,-0.1,-2.518891688,,
10/24/2018,4.02,4.08,3.93,3.95,3.823551,73900,0.07,1.741293532,,
10/25/2018,3.72,3.83,3.71,3.83,3.707392,143100,-0.11,-2.956989247,,
10/26/2018,3.66,3.77,3.66,3.72,3.600914,182700,-0.06,-1.639344262,,
10/29/2018,3.67,3.67,3.6,3.61,3.494435,151700,0.06,1.634877384,,
10/30/2018,3.76,3.85,3.63,3.77,3.649313,218400,-0.01,-0.265957447,,
10/31/2018,3.8,3.88,3.76,3.85,3.726752,79600,-0.05,-1.315789474,,
11/1/2018,3.9,3.97,3.88,3.97,3.842911,70000,-0.07,-1.794871795,,
11/2/2018,3.97,3.97,3.75,3.77,3.649313,132500,0.2,5.037783375,,
11/5/2018,3.93,3.99,3.93,3.97,3.842911,63100,-0.04,-1.017811705,,
11/6/2018,3.93,3.94,3.9,3.91,3.784832,108600,0.02,0.508905852,,
11/7/2018,3.91,3.98,3.91,3.97,3.842911,118600,-0.06,-1.534526854,,
11/8/2018,3.97,4,3.95,4,3.871951,73800,-0.03,-0.755667506,,
11/9/2018,3.82,3.83,3.78,3.8,3.678353,53800,0.02,0.523560209,,
11/12/2018,3.79,3.8,3.75,3.77,3.649313,82200,0.02,0.527704485,,
11/13/2018,3.74,3.77,3.72,3.72,3.600914,198500,0.02,0.534759358,,
11/14/2018,3.85,3.95,3.85,3.92,3.794512,163000,-0.07,-1.818181818,,
11/15/2018,3.73,3.89,3.73,3.86,3.736432,95900,-0.13,-3.485254692,,
11/16/2018,3.71,3.75,3.71,3.74,3.620274,38000,-0.03,-0.808625337,,
11/19/2018,3.72,3.97,3.72,3.78,3.658993,35300,-0.06,-1.612903226,,
11/20/2018,3.74,3.79,3.72,3.74,3.620274,293500,0,0,,
11/21/2018,3.9,3.93,3.86,3.9,3.775152,80000,0,0,,
11/23/2018,3.88,3.88,3.84,3.84,3.717072,2600,0.04,1.030927835,,
11/26/2018,3.85,3.86,3.81,3.84,3.717072,52000,0.01,0.25974026,,
11/27/2018,3.93,3.96,3.88,3.95,3.823551,346400,-0.02,-0.508905852,,
11/28/2018,3.8,3.92,3.8,3.89,3.765472,68800,-0.09,-2.368421053,,
11/29/2018,3.84,3.89,3.84,3.86,3.736432,40200,-0.02,-0.520833333,,
11/30/2018,3.63,3.69,3.63,3.68,3.562195,47200,-0.05,-1.377410468,,
12/3/2018,3.75,3.8,3.75,3.79,3.668673,39200,-0.04,-1.066666667,,
12/4/2018,3.59,3.6,3.54,3.56,3.446036,408500,0.03,0.835654596,,
12/6/2018,3.31,3.32,3.26,3.32,3.213719,88500,-0.01,-0.302114804,,
12/7/2018,3.3,3.32,3.1,3.11,3.010441,210000,0.19,5.757575758,,
12/10/2018,3,3.04,2.96,3.02,2.923322,207100,-0.02,-0.666666667,,
12/11/2018,2.92,2.95,2.85,2.9,2.807164,208600,0.02,0.684931507,,
12/12/2018,2.88,2.88,2.83,2.84,2.749085,100400,0.04,1.388888889,,
12/13/2018,2.9,2.9,2.84,2.85,2.758765,63400,0.05,1.724137931,,
12/14/2018,2.76,2.76,2.72,2.72,2.632926,160400,0.04,1.449275362,,
12/17/2018,2.67,2.67,2.61,2.62,2.536127,171700,0.05,1.872659176,,
12/18/2018,2.62,2.62,2.57,2.57,2.487728,603000,0.05,1.908396947,,
12/19/2018,2.65,2.65,2.55,2.58,2.497408,144900,0.07,2.641509434,,
12/20/2018,2.49,2.49,2.42,2.45,2.37157,201700,0.04,1.606425703,,
12/21/2018,2.37,2.4,2.3,2.32,2.245731,136100,0.05,2.109704641,,
12/24/2018,2.34,2.34,2.3,2.31,2.236051,44100,0.03,1.282051282,,
12/26/2018,2.31,2.38,2.31,2.32,2.245731,96800,-0.01,-0.432900433,,
12/27/2018,2.46,2.48,2.43,2.48,2.400609,310700,-0.02,-0.81300813,,
12/28/2018,2.47,2.47,2.4,2.42,2.34253,159600,0.05,2.024291498,,
12/31/2018,2.5,2.5,2.41,2.43,2.35221,505500,0.07,2.8,,
1/2/2019,2.4,2.45,2.4,2.43,2.35221,148400,-0.03,-1.25,,
1/3/2019,2.43,2.46,2.4,2.41,2.33285,75400,0.02,0.823045267,,
1/4/2019,2.4,2.46,2.4,2.45,2.37157,43000,-0.05,-2.083333333,,
1/7/2019,2.59,2.59,2.55,2.57,2.487728,44800,0.02,0.772200772,,
1/8/2019,2.55,2.57,2.5,2.52,2.439329,415600,0.03,1.176470588,,
1/9/2019,2.56,2.56,2.51,2.52,2.439329,46900,0.04,1.5625,,
1/10/2019,2.55,2.62,2.5,2.6,2.516768,68400,-0.05,-1.960784314,,
1/11/2019,2.7,2.76,2.67,2.73,2.642606,64100,-0.03,-1.111111111,,
1/14/2019,2.76,2.76,2.7,2.71,2.623246,42500,0.05,1.811594203,,
1/15/2019,2.67,2.67,2.57,2.63,2.545808,117800,0.04,1.498127341,,
1/16/2019,2.58,2.58,2.55,2.58,2.497408,51700,0,0,,
1/17/2019,2.53,2.53,2.45,2.51,2.429649,88500,0.02,0.790513834,,
1/18/2019,2.69,2.78,2.69,2.76,2.671646,119900,-0.07,-2.602230483,,
1/22/2019,2.62,2.73,2.61,2.67,2.584527,49300,-0.05,-1.908396947,,
1/23/2019,2.58,2.66,2.58,2.64,2.555488,161200,-0.06,-2.325581395,,
1/24/2019,2.72,2.74,2.69,2.73,2.642606,211400,-0.01,-0.367647059,,
1/25/2019,2.81,2.93,2.81,2.9,2.807164,252100,-0.09,-3.202846975,,
1/28/2019,2.73,2.78,2.73,2.78,2.691005,47400,-0.05,-1.831501832,,
1/29/2019,2.7,2.77,2.7,2.77,2.681326,209200,-0.07,-2.592592593,,
1/30/2019,2.6,2.6,2.55,2.58,2.497408,141200,0.02,0.769230769,,
1/31/2019,2.59,2.66,2.59,2.64,2.555488,228700,-0.05,-1.930501931,,
2/1/2019,2.82,2.93,2.82,2.86,2.768444,47500,-0.04,-1.418439716,,
2/4/2019,3,3,2.91,2.94,2.845884,64800,0.06,2,,
2/5/2019,2.79,2.79,2.72,2.79,2.700686,226400,0,0,,
2/6/2019,2.76,2.76,2.71,2.72,2.632926,80000,0.04,1.449275362,,
2/7/2019,2.71,2.73,2.69,2.71,2.623246,32900,0,0,,
2/8/2019,2.61,2.61,2.59,2.61,2.526448,85600,0,0,,
2/11/2019,2.63,2.63,2.59,2.59,2.507088,47300,0.04,1.520912548,,
2/12/2019,2.72,2.77,2.72,2.76,2.671646,565700,-0.04,-1.470588235,,
2/13/2019,2.82,2.85,2.82,2.84,2.749085,51200,-0.02,-0.709219858,,
2/14/2019,2.82,2.82,2.76,2.77,2.681326,20200,0.05,1.773049645,,
2/15/2019,2.75,2.77,2.74,2.75,2.661966,34300,0,0,,
2/19/2019,2.77,2.86,2.77,2.86,2.768444,34600,-0.09,-3.249097473,,
2/20/2019,2.97,3.06,2.97,3.03,2.933002,111100,-0.06,-2.02020202,,
2/21/2019,3.09,3.09,2.99,3.01,2.913643,55000,0.08,2.588996764,,
2/22/2019,3.05,3.07,3.02,3.05,2.952362,17000,0,0,,
2/25/2019,3.12,3.12,3.06,3.07,2.971722,52900,0.05,1.602564103,,
2/26/2019,3.07,3.07,3.04,3.05,2.952362,47400,0.02,0.651465798,,
2/27/2019,3.05,3.05,2.99,3.02,2.923322,22300,0.03,0.983606557,,
2/28/2019,2.95,2.95,2.88,2.88,2.787805,45800,0.07,2.372881356,,
3/1/2019,2.87,2.93,2.87,2.91,2.816844,11400,-0.04,-1.393728223,,
3/4/2019,3.03,3.03,2.97,2.98,2.884603,24300,0.05,1.650165017,,
3/5/2019,2.98,2.98,2.9,2.96,2.865243,87800,0.02,0.67114094,,
3/6/2019,3,3,2.96,2.97,2.874923,44800,0.03,1,,
3/7/2019,2.89,2.9,2.89,2.9,2.807164,64800,-0.01,-0.346020761,,
3/8/2019,2.77,2.77,2.73,2.74,2.652286,174500,0.03,1.083032491,,
3/11/2019,2.73,2.74,2.7,2.73,2.642606,44700,0,0,,
3/12/2019,2.82,2.82,2.73,2.78,2.691005,222700,0.04,1.418439716,,
3/13/2019,2.73,2.74,2.69,2.73,2.642606,21800,0,0,,
3/14/2019,2.7,2.7,2.65,2.68,2.594207,19400,0.02,0.740740741,,
3/15/2019,2.67,2.67,2.63,2.65,2.565167,70200,0.02,0.74906367,,
3/18/2019,2.71,2.77,2.71,2.74,2.652286,212400,-0.03,-1.10701107,,
3/19/2019,2.73,2.78,2.73,2.76,2.671646,299100,-0.03,-1.098901099,,
3/20/2019,2.75,2.75,2.69,2.72,2.632926,38200,0.03,1.090909091,,
3/21/2019,2.73,2.76,2.72,2.75,2.661966,94300,-0.02,-0.732600733,,
3/22/2019,2.71,2.71,2.69,2.69,2.603887,23200,0.02,0.73800738,,
3/25/2019,2.62,2.68,2.62,2.68,2.594207,42000,-0.06,-2.290076336,,
3/26/2019,2.7,2.78,2.7,2.74,2.652286,397500,-0.04,-1.481481481,,
3/27/2019,2.7,2.75,2.68,2.7,2.613567,170500,0,0,,
3/28/2019,2.7,2.71,2.68,2.71,2.66889,50400,-0.01,-0.37037037,,
3/29/2019,2.72,2.74,2.72,2.74,2.698435,91900,-0.02,-0.735294118,,
4/1/2019,2.77,2.82,2.77,2.82,2.777222,86300,-0.05,-1.805054152,,
4/2/2019,2.8,2.8,2.77,2.8,2.757525,375600,0,0,,
4/3/2019,2.84,2.85,2.81,2.84,2.796918,94600,0,0,,
4/4/2019,2.82,2.82,2.8,2.81,2.767374,47600,0.01,0.354609929,,
4/5/2019,2.83,2.88,2.83,2.85,2.806767,73300,-0.02,-0.706713781,,
4/8/2019,2.76,2.82,2.76,2.8,2.757525,31100,-0.04,-1.449275362,,
4/9/2019,2.85,2.85,2.82,2.84,2.796918,138500,0.01,0.350877193,,
4/10/2019,2.81,2.85,2.81,2.84,2.796918,102700,-0.03,-1.067615658,,
4/11/2019,2.82,2.82,2.78,2.79,2.747677,51000,0.03,1.063829787,,
4/12/2019,2.75,2.76,2.73,2.75,2.708284,38900,0,0,,
4/15/2019,2.8,2.83,2.8,2.83,2.78707,27600,-0.03,-1.071428571,,
4/16/2019,2.84,2.84,2.83,2.84,2.796918,49000,0,0,,
4/17/2019,2.81,2.86,2.81,2.84,2.796918,79100,-0.03,-1.067615658,,
4/18/2019,2.83,2.84,2.81,2.83,2.78707,80200,0,0,,
4/22/2019,2.82,2.87,2.82,2.85,2.806767,64300,-0.03,-1.063829787,,
4/23/2019,2.84,2.87,2.83,2.87,2.826463,45300,-0.03,-1.056338028,,
4/24/2019,2.8,2.81,2.78,2.79,2.747677,75500,0.01,0.357142857,,
4/25/2019,2.83,2.85,2.81,2.84,2.796918,71900,-0.01,-0.35335689,,
4/26/2019,2.77,2.77,2.72,2.74,2.698435,58700,0.03,1.083032491,,
4/29/2019,2.75,2.75,2.73,2.75,2.708284,33000,0,0,,
4/30/2019,2.71,2.77,2.71,2.75,2.708284,31500,-0.04,-1.47601476,,
5/1/2019,2.73,2.78,2.73,2.73,2.688587,22100,0,0,,
5/2/2019,2.72,2.74,2.72,2.74,2.698435,31700,-0.02,-0.735294118,,
5/3/2019,2.74,2.79,2.74,2.79,2.747677,34800,-0.05,-1.824817518,,
5/6/2019,2.72,2.76,2.66,2.75,2.708284,30300,-0.03,-1.102941176,,
5/7/2019,2.6,2.6,2.54,2.57,2.531014,159100,0.03,1.153846154,,
5/8/2019,2.52,2.58,2.51,2.56,2.521166,694200,-0.04,-1.587301587,,
5/9/2019,2.56,2.59,2.56,2.57,2.531014,254000,-0.01,-0.390625,,
5/10/2019,2.4,2.42,2.38,2.42,2.38329,167800,-0.02,-0.833333333,,
5/13/2019,2.34,2.34,2.3,2.32,2.284806,249300,0.02,0.854700855,,
5/14/2019,2.37,2.38,2.33,2.34,2.304503,373100,0.03,1.265822785,,
5/15/2019,2.37,2.43,2.34,2.38,2.343897,422300,-0.01,-0.421940928,,
5/16/2019,2.33,2.37,2.33,2.34,2.304503,96800,-0.01,-0.429184549,,
5/17/2019,2.34,2.36,2.31,2.36,2.3242,104300,-0.02,-0.854700855,,
5/20/2019,2.29,2.3,2.28,2.28,2.245413,104600,0.01,0.436681223,,
5/21/2019,2.26,2.27,2.24,2.25,2.215868,489800,0.01,0.442477876,,
5/22/2019,2.23,2.24,2.21,2.23,2.196172,177500,0,0,,
5/23/2019,2.19,2.2,2.16,2.18,2.14693,46000,0.01,0.456621005,,
5/24/2019,2.23,2.23,2.2,2.21,2.176475,40300,0.02,0.896860987,,
5/28/2019,2.29,2.29,2.23,2.24,2.20602,186100,0.05,2.183406114,,
5/29/2019,2.24,2.24,2.18,2.18,2.14693,559100,0.06,2.678571429,,
5/30/2019,2.25,2.28,2.24,2.26,2.225717,238700,-0.01,-0.444444444,,
5/31/2019,2.2,2.21,2.2,2.21,2.176475,95600,-0.01,-0.454545455,,
6/3/2019,2.15,2.17,2.15,2.16,2.127234,77600,-0.01,-0.465116279,,
6/4/2019,2.23,2.27,2.23,2.27,2.235565,197200,-0.04,-1.793721973,,
6/5/2019,2.3,2.3,2.28,2.3,2.26511,157500,0,0,,
6/6/2019,2.25,2.27,2.25,2.25,2.215868,64700,0,0,,
6/7/2019,2.28,2.33,2.28,2.33,2.294655,95400,-0.05,-2.192982456,,
6/10/2019,2.34,2.36,2.32,2.35,2.314351,85000,-0.01,-0.427350427,,
6/11/2019,2.41,2.42,2.39,2.41,2.373441,1141400,0,0,,
6/12/2019,2.48,2.5,2.47,2.47,2.432531,77800,0.01,0.403225806,,
6/13/2019,2.45,2.45,2.39,2.42,2.38329,67600,0.03,1.224489796,,
6/14/2019,2.4,2.44,2.4,2.43,2.393138,113000,-0.03,-1.25,,
6/17/2019,2.43,2.43,2.4,2.41,2.373441,100800,0.02,0.823045267,,
6/18/2019,2.4,2.44,2.4,2.44,2.402986,283700,-0.04,-1.666666667,,
6/19/2019,2.52,2.52,2.49,2.5,2.462076,82300,0.02,0.793650794,,
6/20/2019,2.57,2.59,2.56,2.57,2.531014,45800,0,0,,
6/21/2019,2.58,2.62,2.58,2.61,2.570407,53900,-0.03,-1.162790698,,
6/24/2019,2.62,2.63,2.6,2.62,2.580256,35700,0,0,,
6/25/2019,2.62,2.65,2.61,2.62,2.580256,116800,0,0,,
6/26/2019,2.63,2.64,2.61,2.64,2.599952,26800,-0.01,-0.380228137,,
6/27/2019,2.67,2.67,2.66,2.67,2.629497,33200,0,0,,
6/28/2019,2.71,2.71,2.7,2.71,2.66889,15400,0,0,,
7/1/2019,2.81,2.81,2.76,2.77,2.72798,26600,0.04,1.423487544,,
7/2/2019,2.83,2.83,2.79,2.8,2.757525,106300,0.03,1.060070671,,
7/3/2019,2.85,2.85,2.84,2.85,2.806767,7700,0,0,,
7/5/2019,2.97,3.03,2.97,3.03,2.984036,41800,-0.06,-2.02020202,,
7/8/2019,3.07,3.09,3.02,3.05,3.003733,54700,0.02,0.651465798,,
7/9/2019,3.01,3.06,3.01,3.04,2.993885,40200,-0.03,-0.996677741,,
7/10/2019,3.12,3.19,3.12,3.17,3.121912,91600,-0.05,-1.602564103,,
7/11/2019,3.21,3.23,3.18,3.21,3.161306,68900,0,0,,
7/12/2019,3.18,3.18,3.12,3.16,3.112064,13800,0.02,0.628930818,,
7/15/2019,3.14,3.15,3.13,3.15,3.102216,19000,-0.01,-0.318471338,,
7/16/2019,3.14,3.14,3.07,3.08,3.033278,159500,0.06,1.910828025,,
7/17/2019,3.24,3.24,3.2,3.22,3.171154,53200,0.02,0.617283951,,
7/18/2019,3.09,3.16,3.09,3.16,3.112064,149900,-0.07,-2.265372168,,
7/19/2019,3.13,3.14,3.12,3.13,3.082519,2300,0,0,,
7/22/2019,3.15,3.18,3.15,3.16,3.112064,19300,-0.01,-0.317460317,,
7/23/2019,3.13,3.2,3.13,3.2,3.151458,327200,-0.07,-2.236421725,,
7/24/2019,3.2,3.2,3.17,3.19,3.141609,29900,0.01,0.3125,,
7/25/2019,3.09,3.1,3.07,3.08,3.033278,26200,0.01,0.323624595,,
7/26/2019,3.13,3.14,3.12,3.14,3.092368,44500,-0.01,-0.319488818,,
7/29/2019,3.12,3.12,3.09,3.09,3.043126,11000,0.03,0.961538462,,
7/30/2019,3.08,3.08,3.06,3.08,3.033278,24100,0,0,,
7/31/2019,3.09,3.15,3.08,3.12,3.072671,91800,-0.03,-0.970873786,,
8/1/2019,3.04,3.09,3.04,3.06,3.013581,109000,-0.02,-0.657894737,,
8/2/2019,2.83,2.83,2.7,2.73,2.688587,111900,0.1,3.533568905,,
8/5/2019,2.6,2.64,2.55,2.55,2.511317,37000,0.05,1.923076923,,
8/6/2019,2.66,2.72,2.66,2.7,2.659042,62800,-0.04,-1.503759398,,
8/7/2019,2.81,2.81,2.73,2.78,2.737828,44700,0.03,1.067615658,,
8/8/2019,2.6,2.6,2.56,2.6,2.560559,34500,0,0,,
8/9/2019,2.61,2.61,2.58,2.59,2.550711,37400,0.02,0.766283525,,
8/12/2019,2.58,2.64,2.55,2.57,2.531014,24900,0.01,0.387596899,,
8/13/2019,2.65,2.66,2.62,2.63,2.590104,134000,0.02,0.754716981,,
8/14/2019,2.58,2.58,2.52,2.54,2.501469,47400,0.04,1.550387597,,
8/15/2019,2.56,2.63,2.55,2.61,2.570407,182900,-0.05,-1.953125,,
8/16/2019,2.58,2.61,2.58,2.6,2.560559,192900,-0.02,-0.775193798,,
8/19/2019,2.6,2.62,2.6,2.6,2.560559,28800,0,0,,
8/20/2019,2.6,2.6,2.58,2.59,2.550711,226700,0.01,0.384615385,,
8/21/2019,2.55,2.6,2.55,2.57,2.531014,26700,-0.02,-0.784313725,,
8/22/2019,2.53,2.53,2.48,2.51,2.471924,24400,0.02,0.790513834,,
8/23/2019,2.49,2.52,2.47,2.49,2.452228,66000,0,0,,
8/26/2019,2.48,2.48,2.45,2.47,2.432531,52300,0.01,0.403225806,,
8/27/2019,2.5,2.54,2.49,2.5,2.462076,209900,0,0,,
8/28/2019,2.45,2.49,2.45,2.47,2.432531,69800,-0.02,-0.816326531,,
8/29/2019,2.47,2.47,2.46,2.47,2.432531,63400,0,0,,
8/30/2019,2.53,2.53,2.5,2.51,2.471924,66300,0.02,0.790513834,,
9/3/2019,2.56,2.58,2.56,2.58,2.540863,25700,-0.02,-0.78125,,
9/4/2019,2.58,2.6,2.58,2.59,2.550711,135200,-0.01,-0.387596899,,
9/5/2019,2.66,2.68,2.64,2.65,2.609801,68200,0.01,0.37593985,,
9/6/2019,2.74,2.74,2.71,2.72,2.678739,56900,0.02,0.729927007,,
9/9/2019,2.73,2.74,2.71,2.72,2.678739,29100,0.01,0.366300366,,
9/10/2019,2.79,2.82,2.78,2.81,2.767374,64500,-0.02,-0.716845878,,
9/11/2019,2.88,2.9,2.88,2.89,2.84616,9000,-0.01,-0.347222222,,
9/12/2019,2.92,2.92,2.87,2.89,2.84616,34600,0.03,1.02739726,,
9/13/2019,2.9,2.9,2.86,2.88,2.836312,7000,0.02,0.689655172,,
9/16/2019,2.84,2.86,2.84,2.85,2.806767,13800,-0.01,-0.352112676,,
9/17/2019,2.88,2.9,2.87,2.9,2.856008,24800,-0.02,-0.694444444,,
9/18/2019,2.87,2.87,2.79,2.82,2.777222,34200,0.05,1.742160279,,
9/19/2019,2.87,2.87,2.83,2.83,2.78707,7400,0.04,1.393728223,,
9/20/2019,2.91,2.91,2.86,2.87,2.826463,8700,0.04,1.374570447,,
9/23/2019,2.87,2.87,2.85,2.86,2.816615,35500,0.01,0.348432056,,
9/24/2019,2.86,2.86,2.8,2.83,2.78707,64300,0.03,1.048951049,,
9/25/2019,2.72,2.79,2.69,2.69,2.649194,35300,0.03,1.102941176,,
9/26/2019,2.7,2.7,2.66,2.69,2.649194,41400,0.01,0.37037037,,
9/27/2019,2.67,2.7,2.66,2.68,2.639346,7200,-0.01,-0.374531835,,
9/30/2019,2.7,2.75,2.7,2.74,2.698435,29500,-0.04,-1.481481481,,
10/1/2019,2.81,2.84,2.81,2.83,2.78707,41000,-0.02,-0.711743772,,
10/2/2019,2.8,2.8,2.76,2.78,2.737828,80300,0.02,0.714285714,,
10/3/2019,2.7,2.73,2.69,2.73,2.688587,79900,-0.03,-1.111111111,,
10/4/2019,2.79,2.79,2.76,2.76,2.718132,11500,0.03,1.075268817,,
10/7/2019,2.78,2.78,2.73,2.77,2.72798,33400,0.01,0.35971223,,
10/8/2019,2.78,2.78,2.74,2.74,2.698435,32500,0.04,1.438848921,,
10/9/2019,2.73,2.73,2.71,2.73,2.688587,30700,0,0,,
10/10/2019,2.69,2.69,2.65,2.65,2.609801,37000,0.04,1.486988848,,
10/11/2019,2.72,2.74,2.72,2.74,2.698435,2500,-0.02,-0.735294118,,
10/14/2019,2.8,2.8,2.72,2.77,2.72798,12000,0.03,1.071428571,,
10/15/2019,2.83,2.84,2.82,2.83,2.78707,36100,0,0,,
10/16/2019,2.79,2.82,2.78,2.78,2.737828,22900,0.01,0.358422939,,
10/17/2019,2.81,2.86,2.81,2.85,2.806767,21900,-0.04,-1.423487544,,
10/18/2019,2.84,2.86,2.84,2.86,2.816615,24300,-0.02,-0.704225352,,
10/21/2019,2.86,2.87,2.86,2.86,2.816615,2100,0,0,,
10/22/2019,2.86,2.89,2.86,2.87,2.826463,17600,-0.01,-0.34965035,,
10/23/2019,2.85,2.87,2.82,2.87,2.826463,25200,-0.02,-0.701754386,,
10/24/2019,2.82,2.83,2.82,2.83,2.78707,7900,-0.01,-0.354609929,,
10/25/2019,2.76,2.81,2.76,2.81,2.767374,6600,-0.05,-1.811594203,,
10/28/2019,2.83,2.84,2.82,2.83,2.78707,4700,0,0,,
10/29/2019,2.83,2.83,2.82,2.82,2.777222,2500,0.01,0.35335689,,
10/30/2019,2.8,2.81,2.79,2.81,2.767374,2200,-0.01,-0.357142857,,
10/31/2019,2.81,2.83,2.81,2.83,2.78707,14600,-0.02,-0.711743772,,
11/1/2019,2.94,2.95,2.88,2.92,2.875705,34900,0.02,0.680272109,,
11/4/2019,2.95,3,2.95,2.96,2.915098,18600,-0.01,-0.338983051,,
11/5/2019,3.23,3.25,3.23,3.24,3.190851,120000,-0.01,-0.309597523,,
11/6/2019,3.65,3.68,3.6,3.6,3.545389,121900,0.05,1.369863014,,
11/7/2019,3.69,3.7,3.68,3.69,3.634024,25300,0,0,,
11/8/2019,3.81,3.81,3.72,3.74,3.683266,28700,0.07,1.837270341,,
11/11/2019,3.72,3.72,3.62,3.64,3.584783,9800,0.08,2.150537634,,
11/12/2019,3.75,3.8,3.75,3.79,3.732507,111900,-0.04,-1.066666667,,
11/13/2019,3.8,3.8,3.69,3.73,3.673418,6000,0.07,1.842105263,,
11/14/2019,3.77,3.79,3.73,3.76,3.702962,16400,0.01,0.265251989,,
11/15/2019,3.9,3.95,3.88,3.95,3.89008,12500,-0.05,-1.282051282,,
11/18/2019,3.85,3.9,3.84,3.87,3.811294,25000,-0.02,-0.519480519,,
11/19/2019,3.8,3.85,3.8,3.82,3.762052,19000,-0.02,-0.526315789,,
11/20/2019,3.78,3.83,3.78,3.82,3.762052,3900,-0.04,-1.058201058,,
11/21/2019,3.81,3.82,3.8,3.8,3.742356,8200,0.01,0.262467192,,
11/22/2019,3.82,3.85,3.8,3.8,3.742356,10900,0.02,0.523560209,,
11/25/2019,3.85,3.85,3.78,3.83,3.7719,14900,0.02,0.519480519,,
11/26/2019,3.83,3.83,3.77,3.79,3.732507,18500,0.04,1.044386423,,
11/27/2019,3.8,3.8,3.77,3.79,3.732507,24600,0.01,0.263157895,,
11/29/2019,3.76,3.79,3.72,3.78,3.722659,3100,-0.02,-0.531914894,,
12/2/2019,3.7,3.7,3.64,3.67,3.614328,6700,0.03,0.810810811,,
12/3/2019,3.69,3.74,3.69,3.74,3.683266,155600,-0.05,-1.35501355,,
12/4/2019,3.77,3.77,3.75,3.76,3.702962,6200,0.01,0.265251989,,
12/5/2019,3.76,3.77,3.75,3.77,3.712811,15000,-0.01,-0.265957447,,
12/6/2019,3.87,3.87,3.76,3.78,3.722659,2500,0.09,2.325581395,,
12/9/2019,3.81,3.81,3.78,3.8,3.742356,2500,0.01,0.262467192,,
12/10/2019,3.84,3.87,3.84,3.86,3.801445,15600,-0.02,-0.520833333,,
12/11/2019,3.77,3.82,3.77,3.82,3.762052,2600,-0.05,-1.326259947,,
12/12/2019,3.75,3.84,3.75,3.83,3.7719,50000,-0.08,-2.133333333,,
12/13/2019,3.82,3.82,3.75,3.79,3.732507,16400,0.03,0.785340314,,
12/16/2019,4,4.04,3.98,4.03,3.968867,107100,-0.03,-0.75,,
12/17/2019,4.01,4.04,4.01,4.04,3.978715,13800,-0.03,-0.748129676,,
12/18/2019,3.94,3.94,3.87,3.87,3.811294,36900,0.07,1.776649746,,
12/19/2019,3.91,3.94,3.91,3.93,3.870384,17900,-0.02,-0.511508951,,
12/20/2019,3.9,3.9,3.87,3.89,3.830991,13700,0.01,0.256410256,,
12/23/2019,3.86,3.86,3.76,3.78,3.722659,10000,0.08,2.07253886,,
12/24/2019,3.73,3.86,3.73,3.78,3.722659,2100,-0.05,-1.340482574,,
12/26/2019,3.77,3.77,3.73,3.73,3.673418,12700,0.04,1.061007958,,
12/27/2019,3.73,3.74,3.71,3.73,3.673418,6800,0,0,,
12/30/2019,3.75,3.78,3.74,3.76,3.702962,13400,-0.01,-0.266666667,,
12/31/2019,3.74,3.79,3.74,3.76,3.702962,20000,-0.02,-0.534759358,,
1/2/2020,3.72,3.86,3.72,3.82,3.762052,18800,-0.1,-2.688172043,,
1/3/2020,3.83,3.83,3.75,3.77,3.712811,6000,0.06,1.566579634,,
1/6/2020,3.8,3.85,3.8,3.84,3.781749,34000,-0.04,-1.052631579,,
1/7/2020,3.8,3.85,3.8,3.85,3.791597,5300,-0.05,-1.315789474,,
1/8/2020,3.77,3.88,3.75,3.84,3.781749,26000,-0.07,-1.856763926,,
1/9/2020,3.84,3.88,3.84,3.88,3.821142,56800,-0.04,-1.041666667,,
1/10/2020,3.92,3.92,3.87,3.88,3.821142,4500,0.04,1.020408163,,
1/13/2020,3.89,3.93,3.88,3.92,3.860535,5500,-0.03,-0.771208226,,
1/14/2020,3.93,3.93,3.81,3.83,3.7719,9800,0.1,2.544529262,,
1/15/2020,3.91,3.92,3.9,3.9,3.840839,12000,0.01,0.255754476,,
1/16/2020,3.84,3.89,3.84,3.89,3.830991,9700,-0.05,-1.302083333,,
1/17/2020,3.84,3.84,3.82,3.84,3.781749,2200,0,0,,
1/21/2020,3.78,3.79,3.76,3.77,3.712811,10700,0.01,0.264550265,,
1/22/2020,3.78,3.8,3.77,3.8,3.742356,17300,-0.02,-0.529100529,,
1/23/2020,3.73,3.8,3.73,3.78,3.722659,10500,-0.05,-1.340482574,,
1/24/2020,3.74,3.74,3.68,3.7,3.643873,13500,0.04,1.069518717,,
1/27/2020,3.54,3.6,3.54,3.59,3.535541,2100,-0.05,-1.412429379,,
1/28/2020,3.54,3.61,3.54,3.57,3.515845,9700,-0.03,-0.847457627,,
1/29/2020,3.52,3.61,3.52,3.53,3.476451,12100,-0.01,-0.284090909,,
1/30/2020,3.45,3.5,3.45,3.47,3.417362,3700,-0.02,-0.579710145,,
1/31/2020,3.38,3.38,3.32,3.38,3.328727,25900,0,0,,
2/3/2020,3.37,3.43,3.37,3.41,3.358272,12100,-0.04,-1.18694362,,
2/4/2020,3.67,3.67,3.53,3.56,3.505996,33800,0.11,2.997275204,,
2/5/2020,3.6,3.6,3.54,3.56,3.505996,29500,0.04,1.111111111,,
2/6/2020,3.49,3.49,3.44,3.45,3.397665,53300,0.04,1.146131805,,
2/7/2020,3.42,3.43,3.42,3.42,3.36812,52400,0,0,,
2/10/2020,3.39,3.44,3.39,3.41,3.358272,116300,-0.02,-0.589970501,,
2/11/2020,3.46,3.49,3.43,3.47,3.417362,13100,-0.01,-0.289017341,,
2/12/2020,3.45,3.45,3.4,3.4,3.348423,11000,0.05,1.449275362,,
2/13/2020,3.49,3.49,3.46,3.47,3.417362,8800,0.02,0.573065903,,
2/14/2020,3.5,3.5,3.47,3.48,3.42721,2200,0.02,0.571428571,,
2/18/2020,3.33,3.35,3.3,3.33,3.279485,53900,0,0,,
2/19/2020,3.31,3.31,3.29,3.29,3.240092,46400,0.02,0.604229607,,
2/20/2020,3.24,3.34,3.24,3.29,3.240092,11400,-0.05,-1.543209877,,
2/21/2020,3.24,3.26,3.24,3.24,3.190851,26600,0,0,,
2/24/2020,3.21,3.21,3.07,3.07,3.023429,52000,0.14,4.361370717,,
2/25/2020,3.09,3.1,3.01,3.07,3.023429,54900,0.02,0.647249191,,
2/26/2020,3.01,3.1,3.01,3.04,2.993885,40700,-0.03,-0.996677741,,
2/27/2020,2.96,2.96,2.89,2.9,2.856008,46100,0.06,2.027027027,,
2/28/2020,2.99,3.02,2.88,2.95,2.90525,114700,0.04,1.337792642,,
3/2/2020,3.02,3.08,2.85,2.95,2.90525,69000,0.07,2.317880795,,
3/3/2020,2.98,3.02,2.88,2.97,2.924947,159100,0.01,0.33557047,,
3/4/2020,3.02,3.04,2.97,3.04,2.993885,86400,-0.02,-0.662251656,,
3/5/2020,2.95,2.99,2.94,2.99,2.944643,104200,-0.04,-1.355932203,,
3/6/2020,2.88,2.88,2.83,2.85,2.806767,49900,0.03,1.041666667,,
3/9/2020,2.6,2.62,2.5,2.55,2.511317,33000,0.05,1.923076923,,
3/10/2020,2.79,2.79,2.55,2.65,2.609801,230100,0.14,5.017921147,,
3/11/2020,2.64,2.64,2.52,2.53,2.491621,83200,0.11,4.166666667,,
3/12/2020,2.35,2.35,2.1,2.23,2.196172,447500,0.12,5.106382979,,
3/13/2020,2.24,2.38,2.22,2.26,2.225717,172000,-0.02,-0.892857143,,
3/16/2020,2.17,2.26,2,2.11,2.077992,199000,0.06,2.764976959,,
3/17/2020,2.1,2.33,2.1,2.25,2.215868,368400,-0.15,-7.142857143,,
3/18/2020,2.4,2.4,2.21,2.32,2.284806,92000,0.08,3.333333333,,
3/19/2020,2.1,2.3,2.1,2.26,2.225717,117900,-0.16,-7.619047619,,
3/20/2020,2.21,2.35,2.21,2.28,2.245413,263500,-0.07,-3.167420814,,
3/23/2020,2.03,2.25,2.03,2.16,2.127234,144500,-0.13,-6.403940887,,
3/24/2020,2.3,2.45,2.3,2.44,2.402986,90600,-0.14,-6.086956522,,
3/25/2020,2.44,2.6,2.44,2.56,2.521166,137000,-0.12,-4.918032787,,
3/26/2020,2.42,2.96,2.42,2.76,2.718132,48700,-0.34,-14.04958678,,
3/27/2020,2.62,2.68,2.57,2.68,2.68,110900,-0.06,-2.290076336,,
3/30/2020,2.56,2.68,2.56,2.67,2.67,411900,-0.11,-4.296875,,
3/31/2020,2.57,2.67,2.53,2.59,2.59,254300,-0.02,-0.778210117,,
4/1/2020,2.7,2.7,2.37,2.4,2.4,47500,0.3,11.11111111,,
4/2/2020,2.34,2.44,2.34,2.4,2.4,50700,-0.06,-2.564102564,,
4/3/2020,2.4,2.4,2.33,2.38,2.38,82300,0.02,0.833333333,,
4/6/2020,2.5,2.61,2.49,2.61,2.61,126600,-0.11,-4.4,,
4/7/2020,2.74,2.8,2.55,2.6,2.6,39400,0.14,5.109489051,,
4/8/2020,2.41,2.59,2.41,2.59,2.59,82800,-0.18,-7.468879668,,
4/9/2020,2.88,2.88,2.61,2.61,2.61,83700,0.27,9.375,,
4/13/2020,2.79,2.79,2.54,2.57,2.57,70800,0.22,7.885304659,,
4/14/2020,2.76,2.76,2.65,2.7,2.7,226700,0.06,2.173913043,,
4/15/2020,2.68,2.68,2.59,2.64,2.64,124800,0.04,1.492537313,,
4/16/2020,2.57,2.64,2.57,2.6,2.6,64400,-0.03,-1.167315175,,
4/17/2020,2.56,2.69,2.54,2.6,2.6,49900,-0.04,-1.5625,,
4/20/2020,2.7,2.79,2.65,2.78,2.78,138300,-0.08,-2.962962963,,
4/21/2020,2.65,2.69,2.59,2.64,2.64,129500,0.01,0.377358491,,
4/22/2020,2.57,2.69,2.52,2.63,2.63,145700,-0.06,-2.33463035,,
4/23/2020,2.65,2.65,2.55,2.57,2.57,84500,0.08,3.018867925,,
4/24/2020,2.72,2.72,2.53,2.59,2.59,25500,0.13,4.779411765,,
4/27/2020,2.64,2.7,2.59,2.68,2.68,79000,-0.04,-1.515151515,,
4/28/2020,2.78,2.79,2.73,2.73,2.73,104000,0.05,1.798561151,,
4/29/2020,2.77,2.83,2.77,2.81,2.81,38600,-0.04,-1.444043321,,
4/30/2020,2.68,2.8,2.67,2.68,2.68,59900,0,0,,
5/1/2020,2.62,2.72,2.62,2.7,2.7,43300,-0.08,-3.053435115,,
5/4/2020,2.7,2.7,2.66,2.68,2.68,34100,0.02,0.740740741,,
5/5/2020,2.78,2.78,2.69,2.72,2.72,15200,0.06,2.158273381,,
5/6/2020,2.71,2.77,2.67,2.67,2.67,37900,0.04,1.47601476,,
5/7/2020,2.71,2.71,2.64,2.65,2.65,107700,0.06,2.21402214,,
5/8/2020,2.74,2.75,2.67,2.72,2.72,77100,0.02,0.729927007,,
5/11/2020,2.62,2.63,2.6,2.6,2.6,27900,0.02,0.763358779,,
5/12/2020,2.57,2.6,2.56,2.56,2.56,164400,0.01,0.389105058,,
5/13/2020,2.56,2.57,2.52,2.55,2.55,80400,0.01,0.390625,,
5/14/2020,2.53,2.53,2.49,2.49,2.49,52000,0.04,1.581027668,,
5/15/2020,2.75,2.75,2.49,2.53,2.53,35700,0.22,8,,
5/18/2020,2.52,2.66,2.52,2.62,2.62,36700,-0.1,-3.968253968,,
5/19/2020,2.74,2.74,2.68,2.73,2.73,186800,0.01,0.364963504,,
5/20/2020,2.7,2.7,2.57,2.58,2.58,45100,0.12,4.444444444,,
5/21/2020,2.54,2.59,2.54,2.55,2.55,43400,-0.01,-0.393700787,,
5/22/2020,2.52,2.58,2.52,2.56,2.56,26600,-0.04,-1.587301587,,
5/26/2020,2.58,2.68,2.58,2.64,2.64,24500,-0.06,-2.325581395,,
5/27/2020,2.67,2.67,2.64,2.65,2.65,91300,0.02,0.74906367,,
5/28/2020,2.75,2.8,2.75,2.77,2.77,65800,-0.02,-0.727272727,,
5/29/2020,2.7,2.7,2.66,2.66,2.66,43400,0.04,1.481481481,,
6/1/2020,2.65,2.69,2.65,2.69,2.69,17900,-0.04,-1.509433962,,
6/2/2020,2.72,2.73,2.7,2.71,2.71,75200,0.01,0.367647059,,
6/3/2020,2.71,2.75,2.69,2.74,2.74,31300,-0.03,-1.10701107,,
6/4/2020,2.74,2.76,2.71,2.71,2.71,16200,0.03,1.094890511,,
6/5/2020,2.79,2.79,2.73,2.75,2.75,27100,0.04,1.433691756,,
6/8/2020,2.88,2.95,2.88,2.92,2.92,46400,-0.04,-1.388888889,,
6/9/2020,2.94,2.94,2.86,2.88,2.88,54800,0.06,2.040816327,,
6/10/2020,2.89,2.91,2.87,2.87,2.87,15000,0.02,0.692041522,,
6/11/2020,2.78,2.78,2.66,2.66,2.66,23800,0.12,4.316546763,,
6/12/2020,2.73,2.74,2.67,2.72,2.72,20800,0.01,0.366300366,,
6/15/2020,2.63,2.67,2.6,2.66,2.66,25600,-0.03,-1.140684411,,
6/16/2020,2.72,2.75,2.69,2.72,2.72,57900,0,0,,
6/17/2020,2.77,2.77,2.74,2.75,2.75,46300,0.02,0.722021661,,
6/18/2020,2.77,2.77,2.73,2.73,2.73,40800,0.04,1.444043321,,
6/19/2020,2.72,2.72,2.68,2.68,2.68,19100,0.04,1.470588235,,
6/22/2020,2.7,2.73,2.7,2.72,2.72,11000,-0.02,-0.740740741,,
6/23/2020,2.77,2.79,2.75,2.76,2.76,36400,0.01,0.36101083,,
6/24/2020,2.69,2.7,2.66,2.69,2.69,19200,0,0,,
6/25/2020,2.67,2.68,2.65,2.67,2.67,9000,0,0,,
6/26/2020,2.65,2.65,2.61,2.62,2.62,10300,0.03,1.132075472,,
6/29/2020,2.6,2.6,2.55,2.55,2.55,7300,0.05,1.923076923,,
6/30/2020,2.63,2.63,2.59,2.6,2.6,22600,0.03,1.140684411,,
7/1/2020,2.5,2.58,2.48,2.58,2.58,24700,-0.08,-3.2,,
7/2/2020,2.6,2.6,2.53,2.57,2.57,28600,0.03,1.153846154,,
7/6/2020,2.71,2.71,2.68,2.7,2.7,24300,0.01,0.36900369,,
7/7/2020,2.74,2.75,2.7,2.71,2.71,190700,0.03,1.094890511,,
7/8/2020,2.6,2.63,2.6,2.63,2.63,5700,-0.03,-1.153846154,,
7/9/2020,2.61,2.62,2.57,2.58,2.58,22300,0.03,1.149425287,,
7/10/2020,2.62,2.62,2.58,2.6,2.6,37700,0.02,0.763358779,,
7/13/2020,2.6,2.63,2.58,2.58,2.58,230500,0.02,0.769230769,,
7/14/2020,2.56,2.61,2.56,2.61,2.61,32700,-0.05,-1.953125,,
7/15/2020,2.69,2.71,2.69,2.69,2.69,16300,0,0,,
7/16/2020,2.75,2.75,2.71,2.72,2.72,28200,0.03,1.090909091,,
7/17/2020,2.7,2.73,2.7,2.72,2.72,1500,-0.02,-0.740740741,,
7/20/2020,2.73,2.75,2.73,2.74,2.74,20400,-0.01,-0.366300366,,
7/21/2020,2.72,2.75,2.72,2.73,2.73,21400,-0.01,-0.367647059,,
7/22/2020,2.7,2.72,2.69,2.71,2.71,114600,-0.01,-0.37037037,,
7/23/2020,2.68,2.72,2.67,2.68,2.68,17800,0,0,,
7/24/2020,2.68,2.68,2.66,2.66,2.66,23100,0.02,0.746268657,,
7/27/2020,2.69,2.73,2.69,2.73,2.73,2100,-0.04,-1.486988848,,
7/28/2020,2.68,2.68,2.64,2.65,2.65,27900,0.03,1.119402985,,
7/29/2020,2.58,2.58,2.54,2.55,2.55,11500,0.03,1.162790698,,
7/30/2020,2.51,2.54,2.49,2.53,2.53,18500,-0.02,-0.796812749,,
7/31/2020,2.48,2.48,2.4,2.41,2.41,22000,0.07,2.822580645,,
8/3/2020,2.58,2.58,2.44,2.46,2.46,21500,0.12,4.651162791,,
8/4/2020,2.55,2.58,2.55,2.55,2.55,199900,0,0,,
8/5/2020,2.75,2.78,2.71,2.75,2.75,84400,0,0,,
8/6/2020,2.82,2.85,2.82,2.83,2.83,23300,-0.01,-0.354609929,,
8/7/2020,2.85,2.86,2.84,2.85,2.85,13500,0,0,,
8/10/2020,2.91,2.91,2.85,2.89,2.89,10600,0.02,0.687285223,,
8/11/2020,2.95,3,2.93,2.94,2.94,13400,0.01,0.338983051,,
8/12/2020,2.93,2.97,2.93,2.96,2.96,6000,-0.03,-1.023890785,,
8/13/2020,2.95,2.95,2.88,2.9,2.9,5800,0.05,1.694915254,,
8/14/2020,2.91,2.92,2.89,2.9,2.9,7800,0.01,0.343642612,,
8/17/2020,2.95,2.95,2.87,2.92,2.92,38900,0.03,1.016949153,,
8/18/2020,2.93,2.93,2.9,2.92,2.92,4500,0.01,0.341296928,,
8/19/2020,2.91,2.91,2.88,2.89,2.89,9300,0.02,0.687285223,,
8/20/2020,2.82,2.86,2.8,2.86,2.86,73300,-0.04,-1.418439716,,
8/21/2020,2.75,2.82,2.75,2.79,2.79,6900,-0.04,-1.454545455,,
8/24/2020,2.84,2.84,2.81,2.81,2.81,13900,0.03,1.056338028,,
8/25/2020,2.89,2.89,2.88,2.88,2.88,1300,0.01,0.346020761,,
8/26/2020,2.91,2.94,2.91,2.94,2.94,7900,-0.03,-1.030927835,,
8/27/2020,2.95,2.95,2.88,2.89,2.89,51500,0.06,2.033898305,,
8/28/2020,3.02,3.03,2.98,3.02,3.02,18000,0,0,,
8/31/2020,3.05,3.05,3.02,3.04,3.04,18800,0.01,0.327868852,,
9/1/2020,3.08,3.13,3.08,3.12,3.12,13700,-0.04,-1.298701299,,
9/2/2020,3.22,3.24,3.19,3.24,3.24,15300,-0.02,-0.621118012,,
9/3/2020,3.23,3.26,3.15,3.16,3.16,7300,0.07,2.167182663,,
9/4/2020,3.21,3.24,3.12,3.2,3.2,9900,0.01,0.31152648,,
9/8/2020,3.09,3.09,3.02,3.06,3.06,11200,0.03,0.970873786,,
9/9/2020,3.12,3.12,3.07,3.09,3.09,10400,0.03,0.961538462,,
9/10/2020,3.09,3.09,3.05,3.05,3.05,1900,0.04,1.294498382,,
9/11/2020,3.01,3.08,3.01,3.03,3.03,7400,-0.02,-0.664451827,,
9/14/2020,3.1,3.18,3.1,3.13,3.13,17900,-0.03,-0.967741935,,
9/15/2020,3.15,3.16,3.13,3.14,3.14,7600,0.01,0.317460317,,
9/16/2020,3.13,3.14,3.12,3.12,3.12,7100,0.01,0.319488818,,
9/17/2020,3.12,3.12,3.11,3.12,3.12,5300,0,0,,
9/18/2020,3.18,3.19,3.15,3.15,3.15,22600,0.03,0.943396226,,
9/21/2020,3.18,3.18,3.05,3.1,3.1,35700,0.08,2.51572327,,
9/22/2020,3.08,3.11,3.07,3.11,3.11,2700,-0.03,-0.974025974,,
9/23/2020,3.07,3.07,3.03,3.05,3.05,3900,0.02,0.651465798,,
9/24/2020,2.89,2.91,2.87,2.89,2.89,6600,0,0,,
9/25/2020,2.85,2.88,2.85,2.86,2.86,10400,-0.01,-0.350877193,,
9/28/2020,2.83,2.91,2.83,2.87,2.87,12300,-0.04,-1.413427562,,
9/29/2020,2.88,2.97,2.88,2.96,2.96,55300,-0.08,-2.777777778,,
9/30/2020,3.01,3.06,3.01,3.01,3.01,73700,0,0,,
10/1/2020,2.95,3.06,2.95,3,3,1800,-0.05,-1.694915254,,
10/2/2020,2.96,3.05,2.96,3.03,3.03,13700,-0.07,-2.364864865,,
10/5/2020,3.2,3.2,3.08,3.11,3.11,4600,0.09,2.8125,,
10/6/2020,3.06,3.06,3.04,3.04,3.04,14600,0.02,0.653594771,,
10/7/2020,3.02,3.07,3.02,3.05,3.05,2700,-0.03,-0.993377483,,
10/8/2020,2.98,3.05,2.98,3.05,3.05,5000,-0.07,-2.348993289,,
10/9/2020,3.04,3.04,3,3.03,3.03,15600,0.01,0.328947368,,
10/12/2020,3.02,3.13,2.98,3.02,3.02,3900,0,0,,
10/13/2020,2.95,3.01,2.95,3.01,3.01,9400,-0.06,-2.033898305,,
10/14/2020,2.98,2.98,2.95,2.96,2.96,4200,0.02,0.67114094,,
10/15/2020,3.01,3.01,2.98,2.99,2.99,45500,0.02,0.664451827,,
10/16/2020,3,3,2.98,2.98,2.98,18900,0.02,0.666666667,,
10/19/2020,2.95,2.95,2.9,2.91,2.91,22900,0.04,1.355932203,,
10/20/2020,2.97,2.97,2.9,2.91,2.91,11900,0.06,2.02020202,,
10/21/2020,3,3.02,3,3,3,7200,0,0,,
10/22/2020,2.94,2.97,2.92,2.97,2.97,115300,-0.03,-1.020408163,,
10/23/2020,3,3.01,2.96,2.98,2.98,9200,0.02,0.666666667,,
10/26/2020,3,3,2.98,3,3,62400,0,0,,
10/27/2020,2.97,2.98,2.96,2.98,2.98,102500,-0.01,-0.336700337,,
10/28/2020,2.87,2.9,2.87,2.89,2.89,43600,-0.02,-0.696864111,,
10/29/2020,2.9,2.9,2.89,2.89,2.89,8300,0.01,0.344827586,,
10/30/2020,2.83,2.83,2.82,2.82,2.82,4500,0.01,0.35335689,,
11/2/2020,2.9,2.9,2.88,2.88,2.88,3500,0.02,0.689655172,,
11/3/2020,2.85,2.96,2.85,2.96,2.96,25900,-0.11,-3.859649123,,
11/4/2020,2.91,2.93,2.84,2.89,2.89,2200,0.02,0.687285223,,
11/5/2020,2.9,2.98,2.9,2.97,2.97,22300,-0.07,-2.413793103,,
11/6/2020,3.02,3.05,2.98,3.04,3.04,8200,-0.02,-0.662251656,,
11/9/2020,2.92,2.92,2.71,2.84,2.84,12400,0.08,2.739726027,,
11/10/2020,2.78,2.81,2.73,2.77,2.77,18300,0.01,0.35971223,,
11/11/2020,2.79,2.8,2.72,2.78,2.78,17200,0.01,0.358422939,,
11/12/2020,2.79,2.79,2.7,2.7,2.7,46100,0.09,3.225806452,,
11/13/2020,2.72,2.74,2.71,2.74,2.74,13000,-0.02,-0.735294118,,
11/16/2020,2.76,2.78,2.76,2.78,2.78,13900,-0.02,-0.724637681,,
11/17/2020,2.75,2.79,2.74,2.78,2.78,9700,-0.03,-1.090909091,,
